Time,ID,world_x,world_y,world_z
199.233,523033,10.159,-2.665,0.0
199.267,523033,10.311,-2.698,0.0
199.3,523033,10.395,-2.729,0.0
199.333,523033,10.395,-2.729,0.0
199.367,523033,10.227,-2.805,0.0
199.4,523033,10.214,-2.913,0.0
199.467,523033,10.214,-2.913,0.0
199.567,523033,10.149,-2.98,0.0
199.6,523033,10.129,-3.005,0.0
199.633,523033,10.216,-2.985,0.0
199.667,523033,10.185,-3.054,0.0
199.7,523033,10.346,-3.047,0.0
199.733,523033,10.346,-3.047,0.0
199.767,523033,10.182,-3.115,0.0
199.8,523033,10.11,-3.161,0.0
199.833,523033,10.09,-3.186,0.0
199.867,523033,10.052,-3.234,0.0
199.9,523033,9.737,-3.32,0.0
199.933,523033,9.737,-3.32,0.0
199.967,523033,9.669,-3.354,0.0
200.0,523033,9.673,-3.362,0.0
200.033,523033,9.681,-3.379,0.0
200.067,523033,9.681,-3.379,0.0
200.1,523033,9.69,-3.396,0.0
200.133,523033,9.69,-3.396,0.0
200.167,523033,9.694,-3.405,0.0
200.2,523033,9.706,-3.431,0.0
200.233,523033,9.74,-3.442,0.0
200.267,523033,9.719,-3.456,0.0
200.3,523033,9.597,-3.489,0.0
200.333,523033,9.593,-3.481,0.0
200.367,523033,9.531,-3.52,0.0
200.4,523033,9.531,-3.52,0.0
200.433,523033,9.535,-3.529,0.0
200.467,523033,9.372,-3.569,0.0
200.5,523033,9.237,-3.603,0.0
200.533,523033,9.215,-3.607,0.0
200.567,523033,9.2,-3.628,0.0
200.6,523033,9.178,-3.632,0.0
200.633,523033,9.156,-3.636,0.0
200.667,523033,9.268,-3.615,0.0
200.7,523033,9.272,-3.623,0.0
200.733,523033,9.249,-3.627,0.0
200.767,523033,9.23,-3.639,0.0
200.8,523033,9.119,-3.66,0.0
200.833,523033,9.033,-3.676,0.0
200.867,523033,8.865,-3.707,0.0
200.9,523033,8.861,-3.699,0.0
200.933,523033,8.861,-3.699,0.0
200.967,523033,8.761,-3.718,0.0
201.0,523033,8.705,-3.737,0.0
201.033,523033,8.682,-3.733,0.0
201.067,523033,8.666,-3.744,0.0
201.1,523033,8.666,-3.744,0.0
201.133,523033,8.647,-3.747,0.0
201.167,523033,8.682,-3.733,0.0
201.2,523033,8.682,-3.733,0.0
201.233,523033,8.698,-3.722,0.0
201.267,523033,8.659,-3.729,0.0
201.3,523033,8.589,-3.758,0.0
201.333,523033,8.593,-3.765,0.0
201.367,523033,8.455,-3.775,0.0
201.4,523033,8.441,-3.786,0.0
201.433,523033,8.243,-3.815,0.0
201.467,523033,8.181,-3.841,0.0
201.5,523033,8.148,-3.847,0.0
201.533,523033,8.148,-3.847,0.0
201.567,523033,8.118,-3.86,0.0
201.6,523033,8.118,-3.86,0.0
201.633,523033,8.114,-3.853,0.0
201.667,523033,8.138,-3.864,0.0
201.7,523033,8.138,-3.864,0.0
201.733,523033,8.154,-3.861,0.0
201.767,523033,8.141,-3.871,0.0
201.8,523033,8.036,-3.875,0.0
201.833,523033,7.969,-3.88,0.0
201.867,523033,7.913,-3.905,0.0
201.9,523033,7.83,-3.906,0.0
201.933,523033,7.83,-3.906,0.0
201.967,523033,7.83,-3.906,0.0
202.0,523033,7.658,-3.916,0.0
202.033,523033,7.609,-3.912,0.0
202.067,523033,7.578,-3.911,0.0
202.1,523033,7.617,-3.896,0.0
202.133,523033,7.617,-3.896,0.0
202.167,523033,7.572,-3.898,0.0
202.2,523033,7.572,-3.898,0.0
202.233,523033,7.583,-3.889,0.0
202.267,523033,7.426,-3.906,0.0
202.3,523033,7.273,-3.916,0.0
202.333,523033,7.273,-3.916,0.0
202.367,523033,7.214,-3.908,0.0
202.4,523033,7.217,-3.914,0.0
202.433,523033,7.092,-3.933,0.0
202.467,523033,7.03,-3.939,0.0
202.5,523033,7.019,-3.942,0.0
202.533,523033,7.019,-3.942,0.0
202.567,523033,7.051,-3.929,0.0
202.6,523033,7.036,-3.925,0.0
202.633,523033,7.034,-3.92,0.0
202.667,523033,7.06,-3.895,0.0
202.7,523033,7.011,-3.899,0.0
202.733,523033,7.011,-3.899,0.0
202.767,523033,6.872,-3.922,0.0
202.8,523033,6.75,-3.942,0.0
202.833,523033,6.674,-3.952,0.0
202.867,523033,6.583,-3.972,0.0
202.9,523033,6.541,-3.975,0.0
202.933,523033,6.541,-3.975,0.0
202.967,523033,6.468,-3.979,0.0
203.0,523033,6.447,-3.978,0.0
203.033,523033,6.446,-3.955,0.0
203.067,523033,6.431,-3.947,0.0
203.1,523033,6.467,-3.933,0.0
203.133,523033,6.467,-3.933,0.0
203.167,523033,6.464,-3.928,0.0
203.2,523033,6.452,-3.925,0.0
203.233,523033,6.302,-3.954,0.0
203.267,523033,6.179,-3.96,0.0
203.3,523033,6.12,-3.974,0.0
203.333,523033,6.12,-3.974,0.0
203.367,523033,6.05,-3.98,0.0
203.4,523033,6.042,-3.982,0.0
203.433,523033,5.948,-4.005,0.0
203.467,523033,5.955,-4.003,0.0
203.5,523033,5.948,-4.005,0.0
203.533,523033,5.948,-4.005,0.0
203.567,523033,5.955,-4.003,0.0
203.6,523033,5.963,-4.001,0.0
203.633,523033,5.945,-4.0,0.0
203.667,523033,5.92,-4.001,0.0
203.7,523033,5.825,-4.029,0.0
203.733,523033,5.825,-4.029,0.0
203.767,523033,5.698,-4.059,0.0
203.8,523033,5.659,-4.074,0.0
203.833,523033,5.657,-4.069,0.0
203.867,523033,5.508,-4.091,0.0
203.9,523033,5.448,-4.096,0.0
203.933,523033,5.448,-4.096,0.0
203.967,523033,5.452,-4.076,0.0
204.0,523033,5.44,-4.079,0.0
204.033,523033,5.448,-4.068,0.0
204.067,523033,5.485,-4.058,0.0
204.1,523033,5.491,-4.028,0.0
204.133,523033,5.491,-4.028,0.0
204.167,523033,5.437,-4.032,0.0
204.2,523033,5.236,-4.076,0.0
204.233,523033,5.157,-4.101,0.0
204.267,523033,5.056,-4.132,0.0
204.3,523033,5.037,-4.129,0.0
204.333,523033,5.037,-4.129,0.0
204.367,523033,4.985,-4.134,0.0
204.4,523033,4.932,-4.136,0.0
204.433,523033,4.927,-4.137,0.0
204.467,523033,4.97,-4.138,0.0
204.5,523033,4.951,-4.131,0.0
204.533,523033,4.951,-4.131,0.0
204.567,523033,4.92,-4.122,0.0
204.6,523033,4.94,-4.108,0.0
204.633,523033,4.887,-4.119,0.0
204.667,523033,4.8,-4.139,0.0
204.7,523033,4.639,-4.165,0.0
204.733,523033,4.639,-4.165,0.0
204.767,523033,4.585,-4.173,0.0
204.8,523033,4.529,-4.181,0.0
204.833,523033,4.465,-4.193,0.0
204.867,523033,4.453,-4.185,0.0
204.9,523033,4.464,-4.174,0.0
204.933,523033,4.464,-4.174,0.0
204.967,523033,4.466,-4.162,0.0
205.0,523033,4.461,-4.145,0.0
205.033,523033,4.453,-4.136,0.0
205.067,523033,4.443,-4.124,0.0
205.1,523033,4.358,-4.137,0.0
205.133,523033,4.358,-4.137,0.0
205.167,523033,4.219,-4.182,0.0
205.2,523033,4.13,-4.208,0.0
205.233,523033,4.082,-4.21,0.0
205.267,523033,4.035,-4.216,0.0
205.3,523033,4.004,-4.22,0.0
205.333,523033,4.004,-4.22,0.0
205.367,523033,3.997,-4.212,0.0
205.4,523033,3.982,-4.217,0.0
205.433,523033,3.98,-4.208,0.0
205.467,523033,3.972,-4.204,0.0
205.5,523033,3.968,-4.196,0.0
205.533,523033,3.968,-4.196,0.0
205.567,523033,3.971,-4.179,0.0
205.6,523033,3.974,-4.171,0.0
205.633,523033,3.976,-4.151,0.0
205.667,523033,3.966,-4.138,0.0
205.7,523033,3.952,-4.127,0.0
205.733,523033,3.952,-4.127,0.0
205.767,523033,3.932,-4.111,0.0
205.8,523033,3.93,-4.089,0.0
205.833,523033,3.923,-4.068,0.0
205.867,523033,3.925,-4.047,0.0
205.9,523033,3.917,-4.037,0.0
205.933,523033,3.917,-4.037,0.0
205.967,523033,3.915,-4.028,0.0
206.0,523033,3.903,-4.009,0.0
206.033,523033,3.886,-3.993,0.0
206.067,523033,3.88,-3.975,0.0
206.1,523033,3.862,-3.963,0.0
206.133,523033,3.862,-3.963,0.0
206.167,523033,3.853,-3.94,0.0
206.2,523033,3.853,-3.94,0.0
206.234,523033,3.853,-3.94,0.0
206.267,523033,3.853,-3.94,0.0
206.3,523033,3.853,-3.94,0.0
206.334,523033,3.853,-3.94,0.0
206.367,523033,3.853,-3.941,0.0
206.4,523033,3.853,-3.941,0.0
206.434,523033,3.853,-3.941,0.0
206.467,523033,3.853,-3.941,0.0
206.5,523033,3.853,-3.941,0.0
206.534,523033,3.853,-3.941,0.0
206.567,523033,3.854,-3.941,0.0
206.6,523033,3.854,-3.941,0.0
206.634,523033,3.854,-3.941,0.0
206.667,523033,3.854,-3.941,0.0
206.7,523033,3.854,-3.941,0.0
206.734,523033,3.854,-3.941,0.0
206.767,523033,3.854,-3.942,0.0
206.8,523033,3.854,-3.942,0.0
206.834,523033,3.854,-3.942,0.0
206.867,523033,3.854,-3.942,0.0
206.9,523033,3.854,-3.942,0.0
206.934,523033,3.854,-3.942,0.0
206.967,523033,3.854,-3.942,0.0
207.0,523033,3.854,-3.942,0.0
207.034,523033,3.854,-3.942,0.0
207.067,523033,3.854,-3.942,0.0
207.1,523033,3.854,-3.942,0.0
207.134,523033,3.854,-3.942,0.0
207.167,523033,3.854,-3.943,0.0
207.2,523033,3.854,-3.943,0.0
207.234,523033,3.854,-3.943,0.0
207.267,523033,3.854,-3.943,0.0
207.3,523033,3.855,-3.943,0.0
207.334,523033,3.855,-3.943,0.0
207.367,523033,3.855,-3.943,0.0
207.4,523033,3.855,-3.943,0.0
207.434,523033,3.855,-3.943,0.0
207.467,523033,3.855,-3.943,0.0
207.5,523033,3.855,-3.943,0.0
207.534,523033,3.855,-3.943,0.0
207.567,523033,3.855,-3.944,0.0
207.6,523033,3.855,-3.944,0.0
207.634,523033,3.855,-3.944,0.0
207.667,523033,3.855,-3.944,0.0
207.7,523033,3.855,-3.944,0.0
207.734,523033,3.855,-3.944,0.0
207.767,523033,3.855,-3.944,0.0
207.8,523033,3.855,-3.944,0.0
207.834,523033,3.855,-3.944,0.0
207.867,523033,3.855,-3.944,0.0
207.9,523033,3.855,-3.944,0.0
207.934,523033,3.855,-3.944,0.0
207.967,523033,3.855,-3.945,0.0
208.0,523033,3.855,-3.945,0.0
208.034,523033,3.856,-3.945,0.0
208.067,523033,3.856,-3.945,0.0
208.1,523033,3.856,-3.945,0.0
208.134,523033,3.856,-3.945,0.0
208.167,523033,3.856,-3.945,0.0
208.2,523033,3.856,-3.945,0.0
208.234,523033,3.856,-3.945,0.0
208.267,523033,3.856,-3.945,0.0
208.3,523033,3.856,-3.945,0.0
208.334,523033,3.856,-3.946,0.0
208.367,523033,3.856,-3.946,0.0
208.4,523033,3.856,-3.946,0.0
208.434,523033,3.856,-3.946,0.0
208.467,523033,3.856,-3.946,0.0
208.5,523033,3.856,-3.946,0.0
208.534,523033,3.856,-3.946,0.0
208.567,523033,3.856,-3.946,0.0
208.6,523033,3.856,-3.946,0.0
208.634,523033,3.856,-3.946,0.0
208.667,523033,3.856,-3.946,0.0
208.7,523033,3.856,-3.946,0.0
208.734,523033,3.856,-3.947,0.0
208.767,523033,3.856,-3.947,0.0
208.8,523033,3.857,-3.947,0.0
208.834,523033,3.857,-3.947,0.0
208.867,523033,3.857,-3.947,0.0
208.9,523033,3.857,-3.947,0.0
208.934,523033,3.857,-3.947,0.0
208.967,523033,3.857,-3.947,0.0
209.0,523033,3.857,-3.947,0.0
209.034,523033,3.857,-3.947,0.0
209.067,523033,3.857,-3.947,0.0
209.1,523033,3.857,-3.947,0.0
209.134,523033,3.857,-3.948,0.0
209.167,523033,3.857,-3.948,0.0
209.2,523033,3.857,-3.948,0.0
209.234,523033,3.857,-3.948,0.0
209.267,523033,3.857,-3.948,0.0
209.3,523033,3.857,-3.948,0.0
209.334,523033,3.857,-3.948,0.0
209.367,523033,3.857,-3.948,0.0
209.4,523033,3.857,-3.948,0.0
209.434,523033,3.857,-3.948,0.0
209.467,523033,3.857,-3.948,0.0
209.5,523033,3.857,-3.948,0.0
209.534,523033,3.858,-3.949,0.0
209.567,523033,3.858,-3.949,0.0
209.6,523033,3.858,-3.949,0.0
209.634,523033,3.858,-3.949,0.0
209.667,523033,3.858,-3.949,0.0
209.7,523033,3.858,-3.949,0.0
209.734,523033,3.858,-3.949,0.0
209.767,523033,3.858,-3.949,0.0
209.8,523033,3.858,-3.949,0.0
209.834,523033,3.858,-3.949,0.0
209.867,523033,3.858,-3.949,0.0
209.9,523033,3.858,-3.949,0.0
209.934,523033,3.858,-3.95,0.0
209.967,523033,3.858,-3.95,0.0
210.0,523033,3.858,-3.95,0.0
210.034,523033,3.858,-3.95,0.0
210.067,523033,3.858,-3.95,0.0
210.1,523033,3.858,-3.95,0.0
210.134,523033,3.858,-3.95,0.0
210.167,523033,3.858,-3.95,0.0
210.2,523033,3.858,-3.95,0.0
210.234,523033,3.858,-3.95,0.0
210.267,523033,3.859,-3.95,0.0
210.3,523033,3.859,-3.951,0.0
210.334,523033,3.859,-3.951,0.0
210.367,523033,3.859,-3.951,0.0
210.4,523033,3.859,-3.951,0.0
210.434,523033,3.859,-3.951,0.0
210.467,523033,3.859,-3.951,0.0
210.5,523033,3.859,-3.951,0.0
210.534,523033,3.859,-3.951,0.0
210.567,523033,3.859,-3.951,0.0
210.6,523033,3.859,-3.951,0.0
210.634,523033,3.859,-3.951,0.0
210.667,523033,3.859,-3.951,0.0
210.7,523033,3.859,-3.952,0.0
210.734,523033,3.859,-3.952,0.0
210.767,523033,3.859,-3.952,0.0
210.8,523033,3.859,-3.952,0.0
210.834,523033,3.859,-3.952,0.0
210.867,523033,3.859,-3.952,0.0
210.9,523033,3.859,-3.952,0.0
210.934,523033,3.859,-3.952,0.0
210.967,523033,3.859,-3.952,0.0
211.0,523033,3.859,-3.952,0.0
211.034,523033,3.86,-3.952,0.0
211.067,523033,3.86,-3.952,0.0
211.1,523033,3.86,-3.953,0.0
211.134,523033,3.86,-3.953,0.0
211.167,523033,3.86,-3.953,0.0
211.2,523033,3.86,-3.953,0.0
211.234,523033,3.86,-3.953,0.0
211.267,523033,3.86,-3.953,0.0
211.3,523033,3.86,-3.953,0.0
211.334,523033,3.86,-3.953,0.0
211.367,523033,3.86,-3.953,0.0
211.4,523033,3.86,-3.953,0.0
211.434,523033,3.86,-3.953,0.0
211.467,523033,3.86,-3.953,0.0
211.5,523033,3.86,-3.954,0.0
211.534,523033,3.86,-3.954,0.0
211.567,523033,3.86,-3.954,0.0
211.6,523033,3.86,-3.954,0.0
211.634,523033,3.86,-3.954,0.0
211.667,523033,3.86,-3.954,0.0
211.7,523033,3.86,-3.954,0.0
211.734,523033,3.86,-3.954,0.0
211.767,523033,3.861,-3.954,0.0
211.8,523033,3.861,-3.954,0.0
211.834,523033,3.861,-3.954,0.0
211.867,523033,3.861,-3.955,0.0
211.9,523033,3.861,-3.955,0.0
211.934,523033,3.861,-3.955,0.0
211.967,523033,3.861,-3.955,0.0
212.0,523033,3.861,-3.955,0.0
212.034,523033,3.861,-3.955,0.0
212.067,523033,3.861,-3.955,0.0
212.1,523033,3.861,-3.955,0.0
212.134,523033,3.861,-3.955,0.0
212.167,523033,3.861,-3.955,0.0
212.2,523033,3.861,-3.955,0.0
212.234,523033,3.861,-3.955,0.0
212.267,523033,3.861,-3.956,0.0
212.3,523033,3.861,-3.956,0.0
212.334,523033,3.861,-3.956,0.0
212.367,523033,3.861,-3.956,0.0
212.4,523033,3.861,-3.956,0.0
212.434,523033,3.861,-3.956,0.0
212.467,523033,3.861,-3.956,0.0
212.5,523033,3.862,-3.956,0.0
212.534,523033,3.862,-3.956,0.0
212.567,523033,3.862,-3.956,0.0
212.6,523033,3.862,-3.956,0.0
212.634,523033,3.862,-3.956,0.0
212.667,523033,3.862,-3.957,0.0
212.7,523033,3.862,-3.957,0.0
212.734,523033,3.862,-3.957,0.0
212.767,523033,3.862,-3.957,0.0
212.8,523033,3.862,-3.957,0.0
212.834,523033,3.862,-3.957,0.0
212.867,523033,3.862,-3.957,0.0
212.9,523033,3.862,-3.957,0.0
212.934,523033,3.862,-3.957,0.0
212.967,523033,3.862,-3.957,0.0
213.0,523033,3.862,-3.957,0.0
213.034,523033,3.862,-3.957,0.0
213.067,523033,3.862,-3.958,0.0
213.1,523033,3.862,-3.958,0.0
213.134,523033,3.862,-3.958,0.0
213.167,523033,3.862,-3.958,0.0
213.2,523033,3.862,-3.958,0.0
213.234,523033,3.862,-3.958,0.0
213.267,523033,3.863,-3.958,0.0
213.3,523033,3.863,-3.958,0.0
213.334,523033,3.863,-3.958,0.0
213.367,523033,3.863,-3.958,0.0
213.4,523033,3.863,-3.958,0.0
213.434,523033,3.863,-3.958,0.0
213.467,523033,3.863,-3.959,0.0
213.5,523033,3.863,-3.959,0.0
213.534,523033,3.863,-3.959,0.0
213.567,523033,3.863,-3.959,0.0
213.6,523033,3.863,-3.959,0.0
213.634,523033,3.863,-3.959,0.0
213.667,523033,3.863,-3.959,0.0
213.7,523033,3.863,-3.959,0.0
213.734,523033,3.863,-3.959,0.0
213.767,523033,3.863,-3.959,0.0
213.8,523033,3.863,-3.959,0.0
213.834,523033,3.863,-3.96,0.0
213.867,523033,3.863,-3.96,0.0
213.9,523033,3.863,-3.96,0.0
213.934,523033,3.863,-3.96,0.0
213.967,523033,3.863,-3.96,0.0
214.0,523033,3.864,-3.96,0.0
214.034,523033,3.864,-3.96,0.0
214.067,523033,3.864,-3.96,0.0
214.1,523033,3.864,-3.96,0.0
214.134,523033,3.864,-3.96,0.0
214.167,523033,3.864,-3.96,0.0
214.2,523033,3.864,-3.96,0.0
214.234,523033,3.864,-3.961,0.0
214.267,523033,3.864,-3.961,0.0
214.3,523033,3.864,-3.961,0.0
214.334,523033,3.864,-3.961,0.0
214.367,523033,3.864,-3.961,0.0
214.4,523033,3.864,-3.961,0.0
214.434,523033,3.864,-3.961,0.0
214.467,523033,3.864,-3.961,0.0
214.5,523033,3.864,-3.961,0.0
214.534,523033,3.864,-3.961,0.0
214.567,523033,3.864,-3.961,0.0
214.6,523033,3.864,-3.961,0.0
214.634,523033,3.864,-3.962,0.0
214.667,523033,3.864,-3.962,0.0
214.7,523033,3.864,-3.962,0.0
214.734,523033,3.865,-3.962,0.0
214.767,523033,3.865,-3.962,0.0
214.8,523033,3.865,-3.962,0.0
214.834,523033,3.865,-3.962,0.0
214.867,523033,3.865,-3.962,0.0
214.9,523033,3.865,-3.962,0.0
214.934,523033,3.865,-3.962,0.0
214.967,523033,3.865,-3.962,0.0
215.0,523033,3.865,-3.962,0.0
215.034,523033,3.865,-3.963,0.0
215.067,523033,3.865,-3.963,0.0
215.1,523033,3.865,-3.963,0.0
215.134,523033,3.865,-3.963,0.0
215.167,523033,3.865,-3.963,0.0
215.2,523033,3.865,-3.963,0.0
215.234,523033,3.865,-3.963,0.0
215.267,523033,3.865,-3.963,0.0
215.3,523033,3.865,-3.963,0.0
215.334,523033,3.865,-3.963,0.0
215.367,523033,3.865,-3.963,0.0
215.4,523033,3.865,-3.963,0.0
215.434,523033,3.865,-3.964,0.0
215.467,523033,3.865,-3.964,0.0
215.5,523033,3.866,-3.964,0.0
215.534,523033,3.866,-3.964,0.0
215.567,523033,3.866,-3.964,0.0
215.6,523033,3.866,-3.964,0.0
215.634,523033,3.866,-3.964,0.0
215.667,523033,3.866,-3.964,0.0
215.7,523033,3.866,-3.964,0.0
215.734,523033,3.866,-3.964,0.0
215.767,523033,3.866,-3.964,0.0
215.8,523033,3.866,-3.965,0.0
215.834,523033,3.866,-3.965,0.0
215.867,523033,3.866,-3.965,0.0
215.9,523033,3.866,-3.965,0.0
215.934,523033,3.866,-3.965,0.0
215.967,523033,3.866,-3.965,0.0
216.0,523033,3.866,-3.965,0.0
216.034,523033,3.866,-3.965,0.0
216.067,523033,3.866,-3.965,0.0
216.1,523033,3.866,-3.965,0.0
216.134,523033,3.866,-3.965,0.0
216.167,523033,3.866,-3.965,0.0
216.2,523033,3.866,-3.966,0.0
216.234,523033,3.867,-3.966,0.0
216.267,523033,3.867,-3.966,0.0
216.3,523033,3.867,-3.966,0.0
216.334,523033,3.867,-3.966,0.0
216.367,523033,3.867,-3.966,0.0
216.4,523033,3.867,-3.966,0.0
216.434,523033,3.867,-3.966,0.0
216.467,523033,3.867,-3.966,0.0
216.5,523033,3.867,-3.966,0.0
216.534,523033,3.867,-3.966,0.0
216.567,523033,3.867,-3.966,0.0
216.6,523033,3.867,-3.967,0.0
216.634,523033,3.867,-3.967,0.0
216.667,523033,3.867,-3.967,0.0
216.7,523033,3.867,-3.967,0.0
216.734,523033,3.867,-3.967,0.0
216.767,523033,3.867,-3.967,0.0
216.8,523033,3.867,-3.967,0.0
216.834,523033,3.867,-3.967,0.0
216.867,523033,3.867,-3.967,0.0
216.9,523033,3.867,-3.967,0.0
216.934,523033,3.867,-3.967,0.0
216.967,523033,3.868,-3.967,0.0
217.0,523033,3.868,-3.968,0.0
217.034,523033,3.868,-3.968,0.0
217.067,523033,3.868,-3.968,0.0
217.1,523033,3.868,-3.968,0.0
217.134,523033,3.868,-3.968,0.0
217.167,523033,3.868,-3.968,0.0
217.2,523033,3.868,-3.968,0.0
217.234,523033,3.868,-3.968,0.0
217.267,523033,3.868,-3.968,0.0
217.3,523033,3.868,-3.968,0.0
217.334,523033,3.868,-3.968,0.0
217.367,523033,3.868,-3.968,0.0
217.4,523033,3.868,-3.969,0.0
217.434,523033,3.868,-3.969,0.0
217.467,523033,3.868,-3.969,0.0
217.5,523033,3.868,-3.969,0.0
217.534,523033,3.868,-3.969,0.0
217.567,523033,3.868,-3.969,0.0
217.6,523033,3.868,-3.969,0.0
217.634,523033,3.868,-3.969,0.0
217.667,523033,3.868,-3.969,0.0
217.7,523033,3.869,-3.969,0.0
217.734,523033,3.869,-3.969,0.0
217.767,523033,3.869,-3.97,0.0
217.8,523033,3.869,-3.97,0.0
217.834,523033,3.869,-3.97,0.0
217.867,523033,3.869,-3.97,0.0
217.9,523033,3.869,-3.97,0.0
217.934,523033,3.869,-3.97,0.0
217.967,523033,3.869,-3.97,0.0
218.0,523033,3.869,-3.97,0.0
218.034,523033,3.869,-3.97,0.0
218.067,523033,3.869,-3.97,0.0
218.1,523033,3.869,-3.97,0.0
218.134,523033,3.869,-3.97,0.0
218.167,523033,3.869,-3.971,0.0
218.2,523033,3.869,-3.971,0.0
218.234,523033,3.869,-3.971,0.0
218.267,523033,3.869,-3.971,0.0
218.3,523033,3.869,-3.971,0.0
218.334,523033,3.869,-3.971,0.0
218.367,523033,3.869,-3.971,0.0
218.4,523033,3.869,-3.971,0.0
218.434,523033,3.869,-3.971,0.0
218.467,523033,3.87,-3.971,0.0
218.5,523033,3.87,-3.971,0.0
218.534,523033,3.87,-3.971,0.0
218.567,523033,3.87,-3.972,0.0
218.6,523033,3.87,-3.972,0.0
218.634,523033,3.87,-3.972,0.0
218.667,523033,3.87,-3.972,0.0
218.7,523033,3.87,-3.972,0.0
218.734,523033,3.87,-3.972,0.0
218.767,523033,3.87,-3.972,0.0
218.8,523033,3.87,-3.972,0.0
218.834,523033,3.87,-3.972,0.0
218.867,523033,3.87,-3.972,0.0
218.9,523033,3.87,-3.972,0.0
218.934,523033,3.87,-3.972,0.0
218.967,523033,3.87,-3.973,0.0
219.0,523033,3.87,-3.973,0.0
219.034,523033,3.87,-3.973,0.0
219.067,523033,3.87,-3.973,0.0
219.1,523033,3.87,-3.973,0.0
219.134,523033,3.87,-3.973,0.0
219.167,523033,3.87,-3.973,0.0
219.2,523033,3.871,-3.973,0.0
219.234,523033,3.871,-3.973,0.0
219.267,523033,3.871,-3.973,0.0
219.3,523033,3.871,-3.973,0.0
219.334,523033,3.871,-3.974,0.0
219.367,523033,3.871,-3.974,0.0
219.4,523033,3.871,-3.974,0.0
219.434,523033,3.871,-3.974,0.0
219.467,523033,3.871,-3.974,0.0
219.5,523033,3.871,-3.974,0.0
219.534,523033,3.871,-3.974,0.0
219.567,523033,3.871,-3.974,0.0
219.6,523033,3.871,-3.974,0.0
219.634,523033,3.871,-3.974,0.0
219.667,523033,3.871,-3.974,0.0
219.7,523033,3.871,-3.974,0.0
219.734,523033,3.871,-3.975,0.0
219.767,523033,3.871,-3.975,0.0
219.8,523033,3.871,-3.975,0.0
219.834,523033,3.871,-3.975,0.0
219.867,523033,3.871,-3.975,0.0
219.9,523033,3.871,-3.975,0.0
219.934,523033,3.872,-3.975,0.0
219.967,523033,3.872,-3.975,0.0
220.0,523033,3.872,-3.975,0.0
220.034,523033,3.872,-3.975,0.0
220.067,523033,3.872,-3.975,0.0
220.1,523033,3.872,-3.975,0.0
220.134,523033,3.872,-3.976,0.0
220.167,523033,3.872,-3.976,0.0
220.2,523033,3.872,-3.976,0.0
220.234,523033,3.872,-3.976,0.0
220.267,523033,3.872,-3.976,0.0
220.3,523033,3.872,-3.976,0.0
220.334,523033,3.872,-3.976,0.0
220.367,523033,3.872,-3.976,0.0
220.4,523033,3.872,-3.976,0.0
220.434,523033,3.872,-3.976,0.0
220.467,523033,3.872,-3.976,0.0
220.5,523033,3.872,-3.976,0.0
220.534,523033,3.872,-3.977,0.0
220.567,523033,3.872,-3.977,0.0
220.6,523033,3.872,-3.977,0.0
220.634,523033,3.872,-3.977,0.0
220.667,523033,3.872,-3.977,0.0
220.7,523033,3.873,-3.977,0.0
220.734,523033,3.873,-3.977,0.0
220.767,523033,3.873,-3.977,0.0
220.8,523033,3.873,-3.977,0.0
220.834,523033,3.873,-3.977,0.0
220.867,523033,3.873,-3.977,0.0
220.9,523033,3.873,-3.977,0.0
220.934,523033,3.873,-3.978,0.0
220.967,523033,3.873,-3.978,0.0
221.0,523033,3.873,-3.978,0.0
221.034,523033,3.873,-3.978,0.0
221.067,523033,3.873,-3.978,0.0
221.1,523033,3.873,-3.978,0.0
221.134,523033,3.873,-3.978,0.0
221.167,523033,3.873,-3.978,0.0
221.2,523033,3.873,-3.978,0.0
221.234,523033,3.873,-3.978,0.0
221.267,523033,3.873,-3.978,0.0
221.3,523033,3.873,-3.979,0.0
221.334,523033,3.873,-3.979,0.0
221.367,523033,3.873,-3.979,0.0
221.4,523033,3.873,-3.979,0.0
221.434,523033,3.874,-3.979,0.0
221.467,523033,3.874,-3.979,0.0
221.5,523033,3.874,-3.979,0.0
221.534,523033,3.874,-3.979,0.0
221.567,523033,3.874,-3.979,0.0
221.6,523033,3.874,-3.979,0.0
221.634,523033,3.874,-3.979,0.0
221.667,523033,3.874,-3.979,0.0
221.7,523033,3.874,-3.98,0.0
221.734,523033,3.874,-3.98,0.0
221.767,523033,3.874,-3.98,0.0
221.8,523033,3.874,-3.98,0.0
221.834,523033,3.874,-3.98,0.0
221.867,523033,3.874,-3.98,0.0
221.9,523033,3.874,-3.98,0.0
221.934,523033,3.874,-3.98,0.0
221.967,523033,3.874,-3.98,0.0
222.0,523033,3.874,-3.98,0.0
222.034,523033,3.874,-3.98,0.0
222.067,523033,3.874,-3.98,0.0
222.1,523033,3.874,-3.981,0.0
222.134,523033,3.874,-3.981,0.0
222.167,523033,3.875,-3.981,0.0
222.2,523033,3.875,-3.981,0.0
222.234,523033,3.875,-3.981,0.0
222.267,523033,3.875,-3.981,0.0
222.3,523033,3.875,-3.981,0.0
222.334,523033,3.875,-3.981,0.0
222.367,523033,3.875,-3.981,0.0
222.4,523033,3.875,-3.981,0.0
222.434,523033,3.875,-3.981,0.0
222.467,523033,3.875,-3.981,0.0
222.5,523033,3.875,-3.982,0.0
222.534,523033,3.875,-3.982,0.0
222.567,523033,3.875,-3.982,0.0
222.6,523033,3.875,-3.982,0.0
222.634,523033,3.875,-3.982,0.0
222.667,523033,3.875,-3.982,0.0
222.7,523033,3.875,-3.982,0.0
222.734,523033,3.875,-3.982,0.0
222.767,523033,3.875,-3.982,0.0
222.8,523033,3.875,-3.982,0.0
222.834,523033,3.875,-3.982,0.0
222.867,523033,3.875,-3.982,0.0
222.9,523033,3.875,-3.983,0.0
222.934,523033,3.876,-3.983,0.0
222.967,523033,3.876,-3.983,0.0
223.0,523033,3.876,-3.983,0.0
223.034,523033,3.876,-3.983,0.0
223.067,523033,3.876,-3.983,0.0
223.1,523033,3.876,-3.983,0.0
223.134,523033,3.876,-3.983,0.0
223.167,523033,3.876,-3.983,0.0
223.2,523033,3.876,-3.983,0.0
223.234,523033,3.876,-3.983,0.0
223.267,523033,3.876,-3.984,0.0
223.3,523033,3.876,-3.984,0.0
223.334,523033,3.876,-3.984,0.0
223.367,523033,3.876,-3.984,0.0
223.4,523033,3.876,-3.984,0.0
223.434,523033,3.876,-3.984,0.0
223.467,523033,3.876,-3.984,0.0
223.5,523033,3.876,-3.984,0.0
223.534,523033,3.876,-3.984,0.0
223.567,523033,3.876,-3.984,0.0
223.6,523033,3.876,-3.984,0.0
223.634,523033,3.876,-3.984,0.0
223.667,523033,3.877,-3.985,0.0
223.7,523033,3.877,-3.985,0.0
223.734,523033,3.877,-3.985,0.0
223.767,523033,3.877,-3.985,0.0
223.8,523033,3.877,-3.985,0.0
223.834,523033,3.877,-3.985,0.0
223.867,523033,3.877,-3.985,0.0
223.9,523033,3.877,-3.985,0.0
223.934,523033,3.877,-3.985,0.0
223.967,523033,3.877,-3.985,0.0
224.0,523033,3.877,-3.985,0.0
224.034,523033,3.877,-3.985,0.0
224.067,523033,3.877,-3.986,0.0
224.1,523033,3.877,-3.986,0.0
224.134,523033,3.877,-3.986,0.0
224.167,523033,3.877,-3.986,0.0
224.2,523033,3.877,-3.986,0.0
224.234,523033,3.877,-3.986,0.0
224.267,523033,3.877,-3.986,0.0
224.3,523033,3.877,-3.986,0.0
224.334,523033,3.877,-3.986,0.0
224.367,523033,3.877,-3.986,0.0
224.4,523033,3.878,-3.986,0.0
224.434,523033,3.878,-3.986,0.0
224.467,523033,3.878,-3.987,0.0
224.5,523033,3.878,-3.987,0.0
224.534,523033,3.878,-3.987,0.0
224.567,523033,3.878,-3.987,0.0
224.6,523033,3.878,-3.987,0.0
224.634,523033,3.878,-3.987,0.0
224.667,523033,3.878,-3.987,0.0
224.7,523033,3.878,-3.987,0.0
224.734,523033,3.878,-3.987,0.0
224.767,523033,3.878,-3.987,0.0
224.8,523033,3.878,-3.987,0.0
224.834,523033,3.878,-3.987,0.0
224.867,523033,3.878,-3.988,0.0
224.9,523033,3.878,-3.988,0.0
224.934,523033,3.878,-3.988,0.0
224.967,523033,3.878,-3.988,0.0
225.0,523033,3.878,-3.988,0.0
225.034,523033,3.878,-3.988,0.0
225.067,523033,3.878,-3.988,0.0
225.1,523033,3.878,-3.988,0.0
225.134,523033,3.878,-3.988,0.0
225.167,523033,3.879,-3.988,0.0
225.2,523033,3.879,-3.988,0.0
225.234,523033,3.879,-3.989,0.0
225.267,523033,3.879,-3.989,0.0
225.3,523033,3.879,-3.989,0.0
225.334,523033,3.879,-3.989,0.0
225.367,523033,3.879,-3.989,0.0
225.4,523033,3.879,-3.989,0.0
225.434,523033,3.879,-3.989,0.0
225.467,523033,3.879,-3.989,0.0
225.5,523033,3.879,-3.989,0.0
225.534,523033,3.879,-3.989,0.0
225.567,523033,3.879,-3.989,0.0
225.6,523033,3.879,-3.989,0.0
225.634,523033,3.879,-3.99,0.0
225.667,523033,3.879,-3.99,0.0
225.7,523033,3.879,-3.99,0.0
225.734,523033,3.879,-3.99,0.0
225.767,523033,3.879,-3.99,0.0
225.8,523033,3.879,-3.99,0.0
225.834,523033,3.879,-3.99,0.0
225.867,523033,3.879,-3.99,0.0
225.9,523033,3.88,-3.99,0.0
225.934,523033,3.88,-3.99,0.0
225.967,523033,3.88,-3.99,0.0
226.0,523033,3.88,-3.99,0.0
226.034,523033,3.88,-3.991,0.0
226.067,523033,3.88,-3.991,0.0
226.1,523033,3.88,-3.991,0.0
226.134,523033,3.88,-3.991,0.0
226.167,523033,3.88,-3.991,0.0
226.2,523033,3.88,-3.991,0.0
226.234,523033,3.88,-3.991,0.0
226.267,523033,3.88,-3.991,0.0
226.3,523033,3.88,-3.991,0.0
226.334,523033,3.88,-3.991,0.0
226.367,523033,3.88,-3.991,0.0
226.4,523033,3.88,-3.991,0.0
226.434,523033,3.88,-3.992,0.0
226.467,523033,3.88,-3.992,0.0
226.5,523033,3.88,-3.992,0.0
226.534,523033,3.88,-3.992,0.0
226.567,523033,3.88,-3.992,0.0
226.6,523033,3.88,-3.992,0.0
226.634,523033,3.881,-3.992,0.0
226.667,523033,3.881,-3.992,0.0
226.7,523033,3.881,-3.992,0.0
226.734,523033,3.881,-3.992,0.0
226.767,523033,3.881,-3.992,0.0
226.8,523033,3.881,-3.993,0.0
226.834,523033,3.881,-3.993,0.0
226.867,523033,3.881,-3.993,0.0
226.9,523033,3.881,-3.993,0.0
226.934,523033,3.881,-3.993,0.0
226.967,523033,3.881,-3.993,0.0
227.0,523033,3.881,-3.993,0.0
227.034,523033,3.881,-3.993,0.0
227.067,523033,3.881,-3.993,0.0
227.1,523033,3.881,-3.993,0.0
227.134,523033,3.881,-3.993,0.0
227.167,523033,3.881,-3.993,0.0
227.2,523033,3.881,-3.994,0.0
227.234,523033,3.881,-3.994,0.0
227.267,523033,3.881,-3.994,0.0
227.3,523033,3.881,-3.994,0.0
227.334,523033,3.881,-3.994,0.0
227.367,523033,3.881,-3.994,0.0
227.4,523033,3.882,-3.994,0.0
227.434,523033,3.882,-3.994,0.0
227.467,523033,3.882,-3.994,0.0
227.5,523033,3.882,-3.994,0.0
227.534,523033,3.882,-3.994,0.0
227.567,523033,3.882,-3.994,0.0
227.6,523033,3.882,-3.995,0.0
227.634,523033,3.882,-3.995,0.0
227.667,523033,3.882,-3.995,0.0
227.7,523033,3.882,-3.995,0.0
227.734,523033,3.882,-3.995,0.0
227.767,523033,3.882,-3.995,0.0
227.8,523033,3.882,-3.995,0.0
227.834,523033,3.882,-3.995,0.0
227.867,523033,3.882,-3.995,0.0
227.9,523033,3.882,-3.995,0.0
227.934,523033,3.882,-3.995,0.0
227.967,523033,3.882,-3.995,0.0
228.0,523033,3.882,-3.996,0.0
228.034,523033,3.882,-3.996,0.0
228.067,523033,3.882,-3.996,0.0
228.1,523033,3.882,-3.996,0.0
228.134,523033,3.883,-3.996,0.0
228.167,523033,3.883,-3.996,0.0
228.2,523033,3.883,-3.996,0.0
228.234,523033,3.883,-3.996,0.0
228.267,523033,3.883,-3.996,0.0
228.3,523033,3.883,-3.996,0.0
228.334,523033,3.883,-3.996,0.0
228.367,523033,3.883,-3.996,0.0
228.4,523033,3.883,-3.997,0.0
228.434,523033,3.883,-3.997,0.0
228.467,523033,3.883,-3.997,0.0
228.5,523033,3.883,-3.997,0.0
228.534,523033,3.883,-3.997,0.0
228.567,523033,3.883,-3.997,0.0
228.6,523033,3.883,-3.997,0.0
228.634,523033,3.883,-3.997,0.0
228.667,523033,3.883,-3.997,0.0
228.7,523033,3.883,-3.997,0.0
228.734,523033,3.883,-3.997,0.0
228.767,523033,3.883,-3.998,0.0
228.8,523033,3.883,-3.998,0.0
228.834,523033,3.883,-3.998,0.0
228.867,523033,3.884,-3.998,0.0
228.9,523033,3.884,-3.998,0.0
228.934,523033,3.884,-3.998,0.0
228.967,523033,3.884,-3.998,0.0
229.0,523033,3.884,-3.998,0.0
229.034,523033,3.884,-3.998,0.0
229.067,523033,3.884,-3.998,0.0
229.1,523033,3.884,-3.998,0.0
229.134,523033,3.884,-3.998,0.0
229.167,523033,3.884,-3.999,0.0
229.2,523033,3.884,-3.999,0.0
229.234,523033,3.884,-3.999,0.0
229.267,523033,3.884,-3.999,0.0
229.3,523033,3.884,-3.999,0.0
229.334,523033,3.884,-3.999,0.0
229.367,523033,3.884,-3.999,0.0
229.4,523033,3.884,-3.999,0.0
229.434,523033,3.884,-3.999,0.0
229.467,523033,3.884,-3.999,0.0
229.5,523033,3.884,-3.999,0.0
229.534,523033,3.884,-3.999,0.0
229.567,523033,3.884,-4.0,0.0
229.6,523033,3.884,-4.0,0.0
229.634,523033,3.885,-4.0,0.0
229.667,523033,3.885,-4.0,0.0
229.7,523033,3.885,-4.0,0.0
229.734,523033,3.885,-4.0,0.0
229.767,523033,3.885,-4.0,0.0
229.8,523033,3.885,-4.0,0.0
229.834,523033,3.885,-4.0,0.0
229.867,523033,3.885,-4.0,0.0
229.9,523033,3.885,-4.0,0.0
229.934,523033,3.885,-4.0,0.0
229.967,523033,3.885,-4.001,0.0
230.0,523033,3.885,-4.001,0.0
230.034,523033,3.885,-4.001,0.0
230.067,523033,3.885,-4.001,0.0
230.1,523033,3.885,-4.001,0.0
230.134,523033,3.885,-4.001,0.0
230.167,523033,3.885,-4.001,0.0
230.2,523033,3.885,-4.001,0.0
230.234,523033,3.885,-4.001,0.0
230.267,523033,3.885,-4.001,0.0
230.3,523033,3.885,-4.001,0.0
230.334,523033,3.885,-4.001,0.0
230.367,523033,3.886,-4.002,0.0
230.4,523033,3.886,-4.002,0.0
230.434,523033,3.886,-4.002,0.0
230.467,523033,3.886,-4.002,0.0
230.5,523033,3.886,-4.002,0.0
230.534,523033,3.886,-4.002,0.0
230.567,523033,3.886,-4.002,0.0
230.6,523033,3.886,-4.002,0.0
230.634,523033,3.886,-4.002,0.0
230.667,523033,3.886,-4.002,0.0
230.7,523033,3.886,-4.002,0.0
230.734,523033,3.886,-4.003,0.0
230.767,523033,3.886,-4.003,0.0
230.8,523033,3.886,-4.003,0.0
230.834,523033,3.886,-4.003,0.0
230.867,523033,3.886,-4.003,0.0
230.9,523033,3.886,-4.003,0.0
230.934,523033,3.886,-4.003,0.0
230.967,523033,3.886,-4.003,0.0
231.0,523033,3.886,-4.003,0.0
231.034,523033,3.886,-4.003,0.0
231.067,523033,3.886,-4.003,0.0
231.1,523033,3.887,-4.003,0.0
231.134,523033,3.887,-4.004,0.0
231.167,523033,3.887,-4.004,0.0
231.2,523033,3.887,-4.004,0.0
231.234,523033,3.887,-4.004,0.0
231.267,523033,3.887,-4.004,0.0
231.3,523033,3.887,-4.004,0.0
231.334,523033,3.887,-4.004,0.0
231.367,523033,3.887,-4.004,0.0
231.4,523033,3.887,-4.004,0.0
231.434,523033,3.887,-4.004,0.0
231.467,523033,3.887,-4.004,0.0
231.5,523033,3.887,-4.004,0.0
231.534,523033,3.887,-4.005,0.0
231.567,523033,3.887,-4.005,0.0
231.6,523033,3.887,-4.005,0.0
231.634,523033,3.887,-4.005,0.0
231.667,523033,3.887,-4.005,0.0
231.7,523033,3.887,-4.005,0.0
231.734,523033,3.887,-4.005,0.0
231.767,523033,3.887,-4.005,0.0
231.8,523033,3.887,-4.005,0.0
231.834,523033,3.887,-4.005,0.0
231.867,523033,3.888,-4.005,0.0
231.9,523033,3.888,-4.005,0.0
231.934,523033,3.888,-4.006,0.0
231.967,523033,3.888,-4.006,0.0
232.0,523033,3.888,-4.006,0.0
232.034,523033,3.888,-4.006,0.0
232.067,523033,3.888,-4.006,0.0
232.1,523033,3.888,-4.006,0.0
232.134,523033,3.888,-4.006,0.0
232.167,523033,3.888,-4.006,0.0
232.2,523033,3.888,-4.006,0.0
232.234,523033,3.888,-4.006,0.0
232.267,523033,3.888,-4.006,0.0
232.3,523033,3.888,-4.006,0.0
232.334,523033,3.888,-4.007,0.0
232.367,523033,3.888,-4.007,0.0
232.4,523033,3.888,-4.007,0.0
232.434,523033,3.888,-4.007,0.0
232.467,523033,3.888,-4.007,0.0
232.5,523033,3.888,-4.007,0.0
232.534,523033,3.888,-4.007,0.0
232.567,523033,3.888,-4.007,0.0
232.6,523033,3.889,-4.007,0.0
232.634,523033,3.889,-4.007,0.0
232.667,523033,3.889,-4.007,0.0
232.7,523033,3.889,-4.008,0.0
232.734,523033,3.889,-4.008,0.0
232.767,523033,3.889,-4.008,0.0
232.8,523033,3.889,-4.008,0.0
232.834,523033,3.889,-4.008,0.0
232.867,523033,3.889,-4.008,0.0
232.9,523033,3.889,-4.008,0.0
232.934,523033,3.889,-4.008,0.0
232.967,523033,3.889,-4.008,0.0
233.0,523033,3.889,-4.008,0.0
233.034,523033,3.889,-4.008,0.0
233.067,523033,3.889,-4.008,0.0
233.1,523033,3.889,-4.009,0.0
233.134,523033,3.889,-4.009,0.0
233.167,523033,3.889,-4.009,0.0
233.2,523033,3.889,-4.009,0.0
233.234,523033,3.889,-4.009,0.0
233.267,523033,3.889,-4.009,0.0
233.3,523033,3.889,-4.009,0.0
233.334,523033,3.89,-4.009,0.0
233.367,523033,3.89,-4.009,0.0
233.4,523033,3.89,-4.009,0.0
233.434,523033,3.89,-4.009,0.0
233.467,523033,3.89,-4.009,0.0
233.5,523033,3.89,-4.01,0.0
233.534,523033,3.89,-4.01,0.0
233.567,523033,3.89,-4.01,0.0
233.6,523033,3.89,-4.01,0.0
233.634,523033,3.89,-4.01,0.0
233.667,523033,3.89,-4.01,0.0
233.7,523033,3.89,-4.01,0.0
233.734,523033,3.89,-4.01,0.0
233.767,523033,3.89,-4.01,0.0
233.8,523033,3.89,-4.01,0.0
233.834,523033,3.89,-4.01,0.0
233.867,523033,3.89,-4.01,0.0
233.9,523033,3.89,-4.011,0.0
233.934,523033,3.89,-4.011,0.0
233.967,523033,3.89,-4.011,0.0
234.0,523033,3.89,-4.011,0.0
234.034,523033,3.89,-4.011,0.0
234.067,523033,3.89,-4.011,0.0
234.1,523033,3.891,-4.011,0.0
234.134,523033,3.891,-4.011,0.0
234.167,523033,3.891,-4.011,0.0
234.2,523033,3.891,-4.011,0.0
234.234,523033,3.891,-4.011,0.0
234.267,523033,3.891,-4.012,0.0
234.3,523033,3.891,-4.012,0.0
234.334,523033,3.891,-4.012,0.0
234.367,523033,3.891,-4.012,0.0
234.4,523033,3.891,-4.012,0.0
234.434,523033,3.891,-4.012,0.0
234.467,523033,3.891,-4.012,0.0
234.5,523033,3.891,-4.012,0.0
234.534,523033,3.891,-4.012,0.0
234.567,523033,3.891,-4.012,0.0
234.6,523033,3.891,-4.012,0.0
234.634,523033,3.891,-4.012,0.0
234.667,523033,3.891,-4.013,0.0
234.7,523033,3.891,-4.013,0.0
234.734,523033,3.891,-4.013,0.0
234.767,523033,3.891,-4.013,0.0
234.8,523033,3.891,-4.013,0.0
234.834,523033,3.892,-4.013,0.0
234.867,523033,3.892,-4.013,0.0
234.9,523033,3.892,-4.013,0.0
234.934,523033,3.892,-4.013,0.0
234.967,523033,3.892,-4.013,0.0
235.0,523033,3.892,-4.013,0.0
235.034,523033,3.892,-4.013,0.0
235.067,523033,3.892,-4.014,0.0
235.1,523033,3.892,-4.014,0.0
235.134,523033,3.892,-4.014,0.0
235.167,523033,3.892,-4.014,0.0
235.2,523033,3.892,-4.014,0.0
235.234,523033,3.892,-4.014,0.0
235.267,523033,3.892,-4.014,0.0
235.3,523033,3.892,-4.014,0.0
235.334,523033,3.892,-4.014,0.0
235.367,523033,3.892,-4.014,0.0
235.4,523033,3.892,-4.014,0.0
235.434,523033,3.892,-4.014,0.0
235.467,523033,3.892,-4.015,0.0
235.5,523033,3.892,-4.015,0.0
235.534,523033,3.892,-4.015,0.0
235.567,523033,3.893,-4.015,0.0
235.6,523033,3.893,-4.015,0.0
235.634,523033,3.893,-4.015,0.0
235.667,523033,3.893,-4.015,0.0
235.7,523033,3.893,-4.015,0.0
235.734,523033,3.893,-4.015,0.0
235.767,523033,3.893,-4.015,0.0
235.8,523033,3.893,-4.015,0.0
235.834,523033,3.893,-4.015,0.0
235.867,523033,3.893,-4.016,0.0
235.9,523033,3.893,-4.016,0.0
235.934,523033,3.893,-4.016,0.0
235.967,523033,3.893,-4.016,0.0
236.0,523033,3.893,-4.016,0.0
236.034,523033,3.893,-4.016,0.0
236.067,523033,3.893,-4.016,0.0
236.1,523033,3.893,-4.016,0.0
236.134,523033,3.893,-4.016,0.0
236.167,523033,3.893,-4.016,0.0
236.2,523033,3.893,-4.016,0.0
236.234,523033,3.893,-4.017,0.0
236.267,523033,3.893,-4.017,0.0
236.3,523033,3.894,-4.017,0.0
236.334,523033,3.894,-4.017,0.0
236.367,523033,3.894,-4.017,0.0
236.4,523033,3.894,-4.017,0.0
236.434,523033,3.894,-4.017,0.0
236.467,523033,3.894,-4.017,0.0
236.5,523033,3.894,-4.017,0.0
236.534,523033,3.894,-4.017,0.0
236.567,523033,3.894,-4.017,0.0
236.6,523033,3.894,-4.017,0.0
236.634,523033,3.894,-4.018,0.0
236.667,523033,3.894,-4.018,0.0
236.7,523033,3.894,-4.018,0.0
236.734,523033,3.894,-4.018,0.0
236.767,523033,3.894,-4.018,0.0
236.8,523033,3.894,-4.018,0.0
236.834,523033,3.894,-4.018,0.0
236.867,523033,3.894,-4.018,0.0
236.9,523033,3.894,-4.018,0.0
236.934,523033,3.894,-4.018,0.0
236.967,523033,3.894,-4.018,0.0
237.0,523033,3.894,-4.018,0.0
237.034,523033,3.894,-4.019,0.0
237.067,523033,3.895,-4.019,0.0
237.1,523033,3.895,-4.019,0.0
237.134,523033,3.895,-4.019,0.0
237.167,523033,3.895,-4.019,0.0
237.2,523033,3.895,-4.019,0.0
237.234,523033,3.895,-4.019,0.0
237.267,523033,3.895,-4.019,0.0
237.3,523033,3.895,-4.019,0.0
237.334,523033,3.895,-4.019,0.0
237.367,523033,3.895,-4.019,0.0
237.4,523033,3.895,-4.019,0.0
237.434,523033,3.895,-4.02,0.0
237.467,523033,3.895,-4.02,0.0
237.5,523033,3.895,-4.02,0.0
237.534,523033,3.895,-4.02,0.0
237.567,523033,3.895,-4.02,0.0
237.6,523033,3.895,-4.02,0.0
237.634,523033,3.895,-4.02,0.0
237.667,523033,3.895,-4.02,0.0
237.7,523033,3.895,-4.02,0.0
237.734,523033,3.895,-4.02,0.0
237.767,523033,3.895,-4.02,0.0
237.8,523033,3.896,-4.02,0.0
237.834,523033,3.896,-4.021,0.0
237.867,523033,3.896,-4.021,0.0
237.9,523033,3.896,-4.021,0.0
237.934,523033,3.896,-4.021,0.0
237.967,523033,3.896,-4.021,0.0
238.0,523033,3.896,-4.021,0.0
238.034,523033,3.896,-4.021,0.0
238.067,523033,3.896,-4.021,0.0
238.1,523033,3.896,-4.021,0.0
238.134,523033,3.896,-4.021,0.0
238.167,523033,3.896,-4.021,0.0
238.2,523033,3.896,-4.022,0.0
238.234,523033,3.896,-4.022,0.0
238.267,523033,3.896,-4.022,0.0
238.3,523033,3.896,-4.022,0.0
238.334,523033,3.896,-4.022,0.0
238.367,523033,3.896,-4.022,0.0
238.4,523033,3.896,-4.022,0.0
238.434,523033,3.896,-4.022,0.0
238.467,523033,3.896,-4.022,0.0
238.5,523033,3.896,-4.022,0.0
238.534,523033,3.897,-4.022,0.0
238.567,523033,3.897,-4.022,0.0
238.6,523033,3.897,-4.023,0.0
238.634,523033,3.897,-4.023,0.0
238.667,523033,3.897,-4.023,0.0
238.7,523033,3.897,-4.023,0.0
238.734,523033,3.897,-4.023,0.0
238.767,523033,3.897,-4.023,0.0
238.8,523033,3.897,-4.023,0.0
238.834,523033,3.897,-4.023,0.0
238.867,523033,3.897,-4.023,0.0
238.9,523033,3.897,-4.023,0.0
238.934,523033,3.897,-4.023,0.0
238.967,523033,3.897,-4.023,0.0
239.0,523033,3.897,-4.024,0.0
239.034,523033,3.897,-4.024,0.0
239.067,523033,3.897,-4.024,0.0
239.1,523033,3.897,-4.024,0.0
239.134,523033,3.897,-4.024,0.0
239.167,523033,3.897,-4.024,0.0
239.2,523033,3.897,-4.024,0.0
239.234,523033,3.897,-4.024,0.0
239.267,523033,3.897,-4.024,0.0
239.3,523033,3.898,-4.024,0.0
239.334,523033,3.898,-4.024,0.0
239.367,523033,3.898,-4.024,0.0
239.4,523033,3.898,-4.025,0.0
239.434,523033,3.898,-4.025,0.0
239.467,523033,3.898,-4.025,0.0
239.5,523033,3.898,-4.025,0.0
239.534,523033,3.898,-4.025,0.0
239.567,523033,3.898,-4.025,0.0
239.6,523033,3.898,-4.025,0.0
239.634,523033,3.898,-4.025,0.0
239.667,523033,3.898,-4.025,0.0
239.7,523033,3.898,-4.025,0.0
239.734,523033,3.898,-4.025,0.0
239.767,523033,3.898,-4.025,0.0
239.8,523033,3.898,-4.026,0.0
239.834,523033,3.898,-4.026,0.0
239.867,523033,3.898,-4.026,0.0
239.9,523033,3.898,-4.026,0.0
239.934,523033,3.898,-4.026,0.0
239.967,523033,3.898,-4.026,0.0
240.0,523033,3.898,-4.026,0.0
240.034,523033,3.899,-4.026,0.0
240.067,523033,3.899,-4.026,0.0
240.1,523033,3.899,-4.026,0.0
240.134,523033,3.899,-4.026,0.0
240.167,523033,3.899,-4.027,0.0
240.2,523033,3.899,-4.027,0.0
240.234,523033,3.899,-4.027,0.0
240.267,523033,3.899,-4.027,0.0
240.3,523033,3.899,-4.027,0.0
240.334,523033,3.899,-4.027,0.0
240.367,523033,3.899,-4.027,0.0
240.4,523033,3.899,-4.027,0.0
240.434,523033,3.899,-4.027,0.0
240.467,523033,3.899,-4.027,0.0
240.5,523033,3.899,-4.027,0.0
240.534,523033,3.899,-4.027,0.0
240.567,523033,3.899,-4.028,0.0
240.6,523033,3.899,-4.028,0.0
240.634,523033,3.899,-4.028,0.0
240.667,523033,3.899,-4.028,0.0
240.7,523033,3.899,-4.028,0.0
240.734,523033,3.899,-4.028,0.0
240.767,523033,3.9,-4.028,0.0
240.8,523033,3.9,-4.028,0.0
240.834,523033,3.9,-4.028,0.0
240.867,523033,3.9,-4.028,0.0
240.9,523033,3.9,-4.028,0.0
240.934,523033,3.9,-4.028,0.0
240.967,523033,3.9,-4.029,0.0
241.0,523033,3.9,-4.029,0.0
241.034,523033,3.9,-4.029,0.0
241.067,523033,3.9,-4.029,0.0
241.1,523033,3.9,-4.029,0.0
241.134,523033,3.9,-4.029,0.0
241.167,523033,3.9,-4.029,0.0
241.2,523033,3.9,-4.029,0.0
241.234,523033,3.9,-4.029,0.0
241.267,523033,3.9,-4.029,0.0
241.3,523033,3.9,-4.029,0.0
241.334,523033,3.9,-4.029,0.0
241.367,523033,3.9,-4.03,0.0
241.4,523033,3.9,-4.03,0.0
241.434,523033,3.9,-4.03,0.0
241.467,523033,3.9,-4.03,0.0
241.5,523033,3.9,-4.03,0.0
241.534,523033,3.901,-4.03,0.0
241.567,523033,3.901,-4.03,0.0
241.6,523033,3.901,-4.03,0.0
241.634,523033,3.901,-4.03,0.0
241.667,523033,3.901,-4.03,0.0
241.7,523033,3.901,-4.03,0.0
241.734,523033,3.901,-4.031,0.0
241.767,523033,3.901,-4.031,0.0
241.8,523033,3.901,-4.031,0.0
241.834,523033,3.901,-4.031,0.0
241.867,523033,3.901,-4.031,0.0
241.9,523033,3.901,-4.031,0.0
241.934,523033,3.901,-4.031,0.0
241.967,523033,3.901,-4.031,0.0
242.0,523033,3.901,-4.031,0.0
242.034,523033,3.901,-4.031,0.0
242.067,523033,3.901,-4.031,0.0
242.1,523033,3.901,-4.031,0.0
242.134,523033,3.901,-4.032,0.0
242.167,523033,3.901,-4.032,0.0
242.2,523033,3.901,-4.032,0.0
242.234,523033,3.901,-4.032,0.0
242.267,523033,3.902,-4.032,0.0
242.3,523033,3.902,-4.032,0.0
242.334,523033,3.902,-4.032,0.0
242.367,523033,3.902,-4.032,0.0
242.4,523033,3.902,-4.032,0.0
242.434,523033,3.902,-4.032,0.0
242.467,523033,3.902,-4.032,0.0
242.5,523033,3.902,-4.032,0.0
242.534,523033,3.902,-4.033,0.0
242.567,523033,3.902,-4.033,0.0
242.6,523033,3.902,-4.033,0.0
242.634,523033,3.902,-4.033,0.0
242.667,523033,3.902,-4.033,0.0
242.7,523033,3.902,-4.033,0.0
242.734,523033,3.902,-4.033,0.0
242.767,523033,3.902,-4.033,0.0
242.8,523033,3.902,-4.033,0.0
242.834,523033,3.902,-4.033,0.0
242.867,523033,3.902,-4.033,0.0
242.9,523033,3.902,-4.033,0.0
242.934,523033,3.902,-4.034,0.0
242.967,523033,3.902,-4.034,0.0
243.0,523033,3.903,-4.034,0.0
243.034,523033,3.903,-4.034,0.0
243.067,523033,3.903,-4.034,0.0
243.1,523033,3.903,-4.034,0.0
243.134,523033,3.903,-4.034,0.0
243.167,523033,3.903,-4.034,0.0
243.2,523033,3.903,-4.034,0.0
243.234,523033,3.903,-4.034,0.0
243.267,523033,3.903,-4.034,0.0
243.3,523033,3.903,-4.034,0.0
243.334,523033,3.903,-4.035,0.0
243.367,523033,3.903,-4.035,0.0
243.4,523033,3.903,-4.035,0.0
243.434,523033,3.903,-4.035,0.0
243.467,523033,3.903,-4.035,0.0
243.5,523033,3.903,-4.035,0.0
243.534,523033,3.903,-4.035,0.0
243.567,523033,3.903,-4.035,0.0
243.6,523033,3.903,-4.035,0.0
243.634,523033,3.903,-4.035,0.0
243.667,523033,3.903,-4.035,0.0
243.7,523033,3.903,-4.036,0.0
243.734,523033,3.903,-4.036,0.0
243.767,523033,3.904,-4.036,0.0
243.8,523033,3.904,-4.036,0.0
243.834,523033,3.904,-4.036,0.0
243.867,523033,3.904,-4.036,0.0
243.9,523033,3.904,-4.036,0.0
243.934,523033,3.904,-4.036,0.0
243.967,523033,3.904,-4.036,0.0
244.0,523033,3.904,-4.036,0.0
244.034,523033,3.904,-4.036,0.0
244.067,523033,3.904,-4.036,0.0
244.1,523033,3.904,-4.037,0.0
244.134,523033,3.904,-4.037,0.0
244.167,523033,3.904,-4.037,0.0
244.2,523033,3.904,-4.037,0.0
244.234,523033,3.904,-4.037,0.0
244.267,523033,3.904,-4.037,0.0
244.3,523033,3.904,-4.037,0.0
244.334,523033,3.904,-4.037,0.0
244.367,523033,3.904,-4.037,0.0
244.4,523033,3.904,-4.037,0.0
244.434,523033,3.904,-4.037,0.0
244.467,523033,3.904,-4.037,0.0
244.5,523033,3.905,-4.038,0.0
244.534,523033,3.905,-4.038,0.0
244.567,523033,3.905,-4.038,0.0
244.6,523033,3.905,-4.038,0.0
244.634,523033,3.905,-4.038,0.0
244.667,523033,3.905,-4.038,0.0
244.7,523033,3.905,-4.038,0.0
244.734,523033,3.905,-4.038,0.0
244.767,523033,3.905,-4.038,0.0
244.8,523033,3.905,-4.038,0.0
244.834,523033,3.905,-4.038,0.0
244.867,523033,3.905,-4.038,0.0
244.9,523033,3.905,-4.039,0.0
244.934,523033,3.905,-4.039,0.0
244.967,523033,3.905,-4.039,0.0
245.0,523033,3.905,-4.039,0.0
245.034,523033,3.905,-4.039,0.0
245.067,523033,3.905,-4.039,0.0
245.1,523033,3.905,-4.039,0.0
245.134,523033,3.905,-4.039,0.0
245.167,523033,3.905,-4.039,0.0
245.2,523033,3.905,-4.039,0.0
245.234,523033,3.906,-4.039,0.0
245.267,523033,3.906,-4.039,0.0
245.3,523033,3.906,-4.04,0.0
245.334,523033,3.906,-4.04,0.0
245.367,523033,3.906,-4.04,0.0
245.4,523033,3.906,-4.04,0.0
245.434,523033,3.906,-4.04,0.0
245.467,523033,3.906,-4.04,0.0
245.5,523033,3.906,-4.04,0.0
245.534,523033,3.906,-4.04,0.0
245.567,523033,3.906,-4.04,0.0
245.6,523033,3.906,-4.04,0.0
245.634,523033,3.906,-4.04,0.0
245.667,523033,3.906,-4.041,0.0
245.7,523033,3.906,-4.041,0.0
245.734,523033,3.906,-4.041,0.0
245.767,523033,3.906,-4.041,0.0
245.8,523033,3.906,-4.041,0.0
245.834,523033,3.906,-4.041,0.0
245.867,523033,3.906,-4.041,0.0
245.9,523033,3.906,-4.041,0.0
245.934,523033,3.906,-4.041,0.0
245.967,523033,3.906,-4.041,0.0
246.0,523033,3.907,-4.041,0.0
246.034,523033,3.907,-4.041,0.0
246.067,523033,3.907,-4.042,0.0
246.1,523033,3.907,-4.042,0.0
246.134,523033,3.907,-4.042,0.0
246.167,523033,3.907,-4.042,0.0
246.2,523033,3.907,-4.042,0.0
246.234,523033,3.907,-4.042,0.0
246.267,523033,3.907,-4.042,0.0
246.3,523033,3.907,-4.042,0.0
246.334,523033,3.907,-4.042,0.0
246.367,523033,3.907,-4.042,0.0
246.4,523033,3.907,-4.042,0.0
246.434,523033,3.907,-4.042,0.0
246.467,523033,3.907,-4.043,0.0
246.5,523033,3.907,-4.043,0.0
246.534,523033,3.907,-4.043,0.0
246.567,523033,3.907,-4.043,0.0
246.6,523033,3.907,-4.043,0.0
246.634,523033,3.907,-4.043,0.0
246.667,523033,3.907,-4.043,0.0
246.7,523033,3.907,-4.043,0.0
246.734,523033,3.908,-4.043,0.0
246.767,523033,3.908,-4.043,0.0
246.8,523033,3.908,-4.043,0.0
246.834,523033,3.908,-4.043,0.0
246.867,523033,3.908,-4.044,0.0
246.9,523033,3.908,-4.044,0.0
246.934,523033,3.908,-4.044,0.0
246.967,523033,3.908,-4.044,0.0
247.0,523033,3.908,-4.044,0.0
247.034,523033,3.908,-4.044,0.0
247.067,523033,3.908,-4.044,0.0
247.1,523033,3.908,-4.044,0.0
247.134,523033,3.908,-4.044,0.0
247.167,523033,3.908,-4.044,0.0
247.2,523033,3.908,-4.044,0.0
247.234,523033,3.908,-4.044,0.0
247.267,523033,3.908,-4.045,0.0
247.3,523033,3.908,-4.045,0.0
247.334,523033,3.908,-4.045,0.0
247.367,523033,3.908,-4.045,0.0
247.4,523033,3.908,-4.045,0.0
247.434,523033,3.908,-4.045,0.0
247.467,523033,3.909,-4.045,0.0
247.5,523033,3.909,-4.045,0.0
247.534,523033,3.909,-4.045,0.0
247.567,523033,3.909,-4.045,0.0
247.6,523033,3.909,-4.045,0.0
247.634,523033,3.909,-4.046,0.0
247.667,523033,3.909,-4.046,0.0
247.7,523033,3.909,-4.046,0.0
247.734,523033,3.909,-4.046,0.0
247.767,523033,3.909,-4.046,0.0
247.8,523033,3.909,-4.046,0.0
247.834,523033,3.909,-4.046,0.0
247.867,523033,3.909,-4.046,0.0
247.9,523033,3.909,-4.046,0.0
247.934,523033,3.909,-4.046,0.0
247.967,523033,3.909,-4.046,0.0
248.0,523033,3.909,-4.046,0.0
248.034,523033,3.909,-4.047,0.0
248.067,523033,3.909,-4.047,0.0
248.1,523033,3.909,-4.047,0.0
248.134,523033,3.909,-4.047,0.0
248.167,523033,3.909,-4.047,0.0
248.2,523033,3.909,-4.047,0.0
248.234,523033,3.91,-4.047,0.0
248.267,523033,3.91,-4.047,0.0
248.3,523033,3.91,-4.047,0.0
248.334,523033,3.91,-4.047,0.0
248.367,523033,3.91,-4.047,0.0
248.4,523033,3.91,-4.047,0.0
248.434,523033,3.91,-4.048,0.0
248.467,523033,3.91,-4.048,0.0
248.5,523033,3.91,-4.048,0.0
248.534,523033,3.91,-4.048,0.0
248.567,523033,3.91,-4.048,0.0
248.6,523033,3.91,-4.048,0.0
248.634,523033,3.91,-4.048,0.0
248.667,523033,3.91,-4.048,0.0
248.7,523033,3.91,-4.048,0.0
248.734,523033,3.91,-4.048,0.0
248.767,523033,3.91,-4.048,0.0
248.8,523033,3.91,-4.048,0.0
248.834,523033,3.91,-4.049,0.0
248.867,523033,3.91,-4.049,0.0
248.9,523033,3.91,-4.049,0.0
248.934,523033,3.91,-4.049,0.0
248.967,523033,3.911,-4.049,0.0
249.0,523033,3.911,-4.049,0.0
249.034,523033,3.911,-4.049,0.0
249.067,523033,3.911,-4.049,0.0
249.1,523033,3.911,-4.049,0.0
249.134,523033,3.911,-4.049,0.0
249.167,523033,3.911,-4.049,0.0
249.2,523033,3.911,-4.05,0.0
249.234,523033,3.911,-4.05,0.0
249.267,523033,3.911,-4.05,0.0
249.3,523033,3.911,-4.05,0.0
249.334,523033,3.911,-4.05,0.0
249.367,523033,3.911,-4.05,0.0
249.4,523033,3.911,-4.05,0.0
249.434,523033,3.911,-4.05,0.0
249.467,523033,3.911,-4.05,0.0
249.5,523033,3.911,-4.05,0.0
249.534,523033,3.911,-4.05,0.0
249.567,523033,3.911,-4.05,0.0
249.6,523033,3.911,-4.051,0.0
249.634,523033,3.911,-4.051,0.0
249.667,523033,3.911,-4.051,0.0
249.7,523033,3.912,-4.051,0.0
249.734,523033,3.912,-4.051,0.0
249.767,523033,3.912,-4.051,0.0
249.8,523033,3.912,-4.051,0.0
249.834,523033,3.912,-4.051,0.0
249.867,523033,3.912,-4.051,0.0
249.9,523033,3.912,-4.051,0.0
249.934,523033,3.912,-4.051,0.0
249.967,523033,3.912,-4.051,0.0
250.0,523033,3.912,-4.052,0.0
250.034,523033,3.912,-4.052,0.0
250.067,523033,3.912,-4.052,0.0
250.1,523033,3.912,-4.052,0.0
250.134,523033,3.912,-4.052,0.0
250.167,523033,3.912,-4.052,0.0
250.2,523033,3.912,-4.052,0.0
250.234,523033,3.912,-4.052,0.0
250.267,523033,3.912,-4.052,0.0
250.3,523033,3.912,-4.052,0.0
250.334,523033,3.912,-4.052,0.0
250.367,523033,3.912,-4.052,0.0
250.4,523033,3.912,-4.053,0.0
250.434,523033,3.912,-4.053,0.0
250.467,523033,3.913,-4.053,0.0
250.5,523033,3.913,-4.053,0.0
250.534,523033,3.913,-4.053,0.0
250.567,523033,3.913,-4.053,0.0
250.6,523033,3.913,-4.053,0.0
250.634,523033,3.913,-4.053,0.0
250.667,523033,3.913,-4.053,0.0
250.7,523033,3.913,-4.053,0.0
250.734,523033,3.913,-4.053,0.0
250.767,523033,3.913,-4.053,0.0
250.8,523033,3.913,-4.054,0.0
250.834,523033,3.913,-4.054,0.0
250.867,523033,3.913,-4.054,0.0
250.9,523033,3.913,-4.054,0.0
250.934,523033,3.913,-4.054,0.0
250.967,523033,3.913,-4.054,0.0
251.0,523033,3.913,-4.054,0.0
251.034,523033,3.913,-4.054,0.0
251.067,523033,3.913,-4.054,0.0
251.1,523033,3.913,-4.054,0.0
251.134,523033,3.913,-4.054,0.0
251.167,523033,3.913,-4.055,0.0
251.2,523033,3.914,-4.055,0.0
251.234,523033,3.914,-4.055,0.0
251.267,523033,3.914,-4.055,0.0
251.3,523033,3.914,-4.055,0.0
251.334,523033,3.914,-4.055,0.0
251.367,523033,3.914,-4.055,0.0
251.4,523033,3.914,-4.055,0.0
251.434,523033,3.914,-4.055,0.0
251.467,523033,3.914,-4.055,0.0
251.5,523033,3.914,-4.055,0.0
251.534,523033,3.914,-4.055,0.0
251.567,523033,3.914,-4.056,0.0
251.6,523033,3.914,-4.056,0.0
251.634,523033,3.914,-4.056,0.0
251.667,523033,3.914,-4.056,0.0
251.7,523033,3.914,-4.056,0.0
251.734,523033,3.914,-4.056,0.0
251.767,523033,3.914,-4.056,0.0
251.8,523033,3.914,-4.056,0.0
251.834,523033,3.914,-4.056,0.0
251.867,523033,3.914,-4.056,0.0
251.9,523033,3.914,-4.056,0.0
251.934,523033,3.915,-4.056,0.0
251.967,523033,3.915,-4.057,0.0
252.0,523033,3.915,-4.057,0.0
252.034,523033,3.915,-4.057,0.0
252.067,523033,3.915,-4.057,0.0
252.1,523033,3.915,-4.057,0.0
252.134,523033,3.915,-4.057,0.0
252.167,523033,3.915,-4.057,0.0
252.2,523033,3.915,-4.057,0.0
252.234,523033,3.915,-4.057,0.0
252.267,523033,3.915,-4.057,0.0
252.3,523033,3.915,-4.057,0.0
252.334,523033,3.915,-4.057,0.0
252.367,523033,3.915,-4.058,0.0
252.4,523033,3.915,-4.058,0.0
252.434,523033,3.915,-4.058,0.0
252.467,523033,3.915,-4.058,0.0
252.5,523033,3.915,-4.058,0.0
252.534,523033,3.915,-4.058,0.0
252.567,523033,3.915,-4.058,0.0
252.6,523033,3.915,-4.058,0.0
252.634,523033,3.915,-4.058,0.0
252.667,523033,3.915,-4.058,0.0
252.7,523033,3.916,-4.058,0.0
252.734,523033,3.916,-4.058,0.0
252.767,523033,3.916,-4.059,0.0
252.8,523033,3.916,-4.059,0.0
252.834,523033,3.916,-4.059,0.0
252.867,523033,3.916,-4.059,0.0
252.9,523033,3.916,-4.059,0.0
252.934,523033,3.916,-4.059,0.0
252.967,523033,3.916,-4.059,0.0
253.0,523033,3.916,-4.059,0.0
253.034,523033,3.916,-4.059,0.0
253.067,523033,3.916,-4.059,0.0
253.1,523033,3.916,-4.059,0.0
253.134,523033,3.916,-4.06,0.0
253.167,523033,3.916,-4.06,0.0
253.2,523033,3.916,-4.06,0.0
253.234,523033,3.916,-4.06,0.0
253.267,523033,3.916,-4.06,0.0
253.3,523033,3.916,-4.06,0.0
253.334,523033,3.916,-4.06,0.0
253.367,523033,3.916,-4.06,0.0
253.4,523033,3.916,-4.06,0.0
253.434,523033,3.917,-4.06,0.0
253.467,523033,3.917,-4.06,0.0
253.5,523033,3.917,-4.06,0.0
253.534,523033,3.917,-4.061,0.0
253.567,523033,3.917,-4.061,0.0
253.6,523033,3.917,-4.061,0.0
253.634,523033,3.917,-4.061,0.0
253.667,523033,3.917,-4.061,0.0
253.7,523033,3.917,-4.061,0.0
253.734,523033,3.917,-4.061,0.0
253.767,523033,3.917,-4.061,0.0
253.8,523033,3.917,-4.061,0.0
253.834,523033,3.917,-4.061,0.0
253.867,523033,3.917,-4.061,0.0
253.9,523033,3.917,-4.061,0.0
253.934,523033,3.917,-4.062,0.0
253.967,523033,3.917,-4.062,0.0
254.0,523033,3.917,-4.062,0.0
254.034,523033,3.917,-4.062,0.0
254.067,523033,3.917,-4.062,0.0
254.1,523033,3.917,-4.062,0.0
254.134,523033,3.917,-4.062,0.0
254.167,523033,3.918,-4.062,0.0
254.2,523033,3.918,-4.062,0.0
254.234,523033,3.918,-4.062,0.0
254.267,523033,3.918,-4.062,0.0
254.3,523033,3.918,-4.062,0.0
254.334,523033,3.918,-4.063,0.0
254.367,523033,3.918,-4.063,0.0
254.4,523033,3.918,-4.063,0.0
254.434,523033,3.918,-4.063,0.0
254.467,523033,3.918,-4.063,0.0
254.5,523033,3.918,-4.063,0.0
254.534,523033,3.918,-4.063,0.0
254.567,523033,3.918,-4.063,0.0
254.6,523033,3.918,-4.063,0.0
254.634,523033,3.918,-4.063,0.0
254.667,523033,3.918,-4.063,0.0
254.7,523033,3.918,-4.063,0.0
254.734,523033,3.918,-4.064,0.0
254.767,523033,3.918,-4.064,0.0
254.8,523033,3.918,-4.064,0.0
254.834,523033,3.918,-4.064,0.0
254.867,523033,3.918,-4.064,0.0
254.9,523033,3.919,-4.064,0.0
254.934,523033,3.919,-4.064,0.0
254.967,523033,3.919,-4.064,0.0
255.0,523033,3.919,-4.064,0.0
255.034,523033,3.919,-4.064,0.0
255.067,523033,3.919,-4.064,0.0
255.1,523033,3.919,-4.065,0.0
255.134,523033,3.919,-4.065,0.0
255.167,523033,3.919,-4.065,0.0
255.2,523033,3.919,-4.065,0.0
255.234,523033,3.919,-4.065,0.0
255.267,523033,3.919,-4.065,0.0
255.3,523033,3.919,-4.065,0.0
255.334,523033,3.919,-4.065,0.0
255.367,523033,3.919,-4.065,0.0
255.4,523033,3.919,-4.065,0.0
255.434,523033,3.919,-4.065,0.0
255.467,523033,3.919,-4.065,0.0
255.5,523033,3.919,-4.066,0.0
255.534,523033,3.919,-4.066,0.0
255.567,523033,3.919,-4.066,0.0
255.6,523033,3.919,-4.066,0.0
255.634,523033,3.919,-4.066,0.0
255.667,523033,3.92,-4.066,0.0
255.7,523033,3.92,-4.066,0.0
255.734,523033,3.92,-4.066,0.0
255.767,523033,3.92,-4.066,0.0
255.8,523033,3.92,-4.066,0.0
255.834,523033,3.92,-4.066,0.0
255.867,523033,3.92,-4.066,0.0
255.9,523033,3.92,-4.067,0.0
255.934,523033,3.92,-4.067,0.0
255.967,523033,3.92,-4.067,0.0
256.0,523033,3.92,-4.067,0.0
256.034,523033,3.92,-4.067,0.0
256.067,523033,3.92,-4.067,0.0
256.1,523033,3.92,-4.067,0.0
256.134,523033,3.92,-4.067,0.0
256.167,523033,3.92,-4.067,0.0
256.2,523033,3.92,-4.067,0.0
256.234,523033,3.92,-4.067,0.0
256.267,523033,3.92,-4.067,0.0
256.3,523033,3.92,-4.068,0.0
256.334,523033,3.92,-4.068,0.0
256.367,523033,3.92,-4.068,0.0
256.4,523033,3.921,-4.068,0.0
256.434,523033,3.921,-4.068,0.0
256.467,523033,3.921,-4.068,0.0
256.5,523033,3.921,-4.068,0.0
256.534,523033,3.921,-4.068,0.0
256.567,523033,3.921,-4.068,0.0
256.6,523033,3.921,-4.068,0.0
256.634,523033,3.921,-4.068,0.0
256.667,523033,3.921,-4.069,0.0
256.7,523033,3.921,-4.069,0.0
256.734,523033,3.921,-4.069,0.0
256.767,523033,3.921,-4.069,0.0
256.8,523033,3.921,-4.069,0.0
256.834,523033,3.921,-4.069,0.0
256.867,523033,3.921,-4.069,0.0
256.9,523033,3.921,-4.069,0.0
256.934,523033,3.921,-4.069,0.0
256.967,523033,3.921,-4.069,0.0
257.0,523033,3.921,-4.069,0.0
257.034,523033,3.921,-4.069,0.0
257.067,523033,3.921,-4.07,0.0
257.1,523033,3.921,-4.07,0.0
257.134,523033,3.922,-4.07,0.0
257.167,523033,3.922,-4.07,0.0
257.2,523033,3.922,-4.07,0.0
257.234,523033,3.922,-4.07,0.0
257.267,523033,3.922,-4.07,0.0
257.3,523033,3.922,-4.07,0.0
257.334,523033,3.922,-4.07,0.0
257.367,523033,3.922,-4.07,0.0
257.4,523033,3.922,-4.07,0.0
257.434,523033,3.922,-4.07,0.0
257.467,523033,3.922,-4.071,0.0
257.5,523033,3.922,-4.071,0.0
257.534,523033,3.922,-4.071,0.0
257.567,523033,3.922,-4.071,0.0
257.6,523033,3.922,-4.071,0.0
257.634,523033,3.922,-4.071,0.0
257.667,523033,3.922,-4.071,0.0
257.7,523033,3.922,-4.071,0.0
257.734,523033,3.922,-4.071,0.0
257.767,523033,3.922,-4.071,0.0
257.8,523033,3.922,-4.071,0.0
257.834,523033,3.922,-4.071,0.0
257.867,523033,3.922,-4.072,0.0
257.9,523033,3.923,-4.072,0.0
257.934,523033,3.923,-4.072,0.0
257.967,523033,3.923,-4.072,0.0
258.0,523033,3.923,-4.072,0.0
258.034,523033,3.923,-4.072,0.0
258.067,523033,3.923,-4.072,0.0
258.1,523033,3.923,-4.072,0.0
258.134,523033,3.923,-4.072,0.0
258.167,523033,3.923,-4.072,0.0
258.2,523033,3.923,-4.072,0.0
258.234,523033,3.923,-4.072,0.0
258.267,523033,3.923,-4.073,0.0
258.3,523033,3.923,-4.073,0.0
258.334,523033,3.923,-4.073,0.0
258.367,523033,3.923,-4.073,0.0
258.4,523033,3.923,-4.073,0.0
258.434,523033,3.923,-4.073,0.0
258.467,523033,3.923,-4.073,0.0
258.5,523033,3.923,-4.073,0.0
258.534,523033,3.923,-4.073,0.0
258.567,523033,3.923,-4.073,0.0
258.6,523033,3.923,-4.073,0.0
258.634,523033,3.924,-4.074,0.0
258.667,523033,3.924,-4.074,0.0
258.7,523033,3.924,-4.074,0.0
258.734,523033,3.924,-4.074,0.0
258.767,523033,3.924,-4.074,0.0
258.8,523033,3.924,-4.074,0.0
258.834,523033,3.924,-4.074,0.0
258.867,523033,3.924,-4.074,0.0
258.9,523033,3.924,-4.074,0.0
258.934,523033,3.924,-4.074,0.0
258.967,523033,3.924,-4.074,0.0
259.0,523033,3.924,-4.074,0.0
259.034,523033,3.924,-4.075,0.0
259.067,523033,3.924,-4.075,0.0
259.1,523033,3.924,-4.075,0.0
259.134,523033,3.924,-4.075,0.0
259.167,523033,3.924,-4.075,0.0
259.2,523033,3.924,-4.075,0.0
259.234,523033,3.924,-4.075,0.0
259.267,523033,3.924,-4.075,0.0
259.3,523033,3.924,-4.075,0.0
259.334,523033,3.924,-4.075,0.0
259.367,523033,3.925,-4.075,0.0
259.4,523033,3.925,-4.075,0.0
259.434,523033,3.925,-4.076,0.0
259.467,523033,3.925,-4.076,0.0
259.5,523033,3.925,-4.076,0.0
259.534,523033,3.925,-4.076,0.0
259.567,523033,3.925,-4.076,0.0
259.6,523033,3.925,-4.076,0.0
259.634,523033,3.925,-4.076,0.0
259.667,523033,3.925,-4.076,0.0
259.7,523033,3.925,-4.076,0.0
259.734,523033,3.925,-4.076,0.0
259.767,523033,3.925,-4.076,0.0
259.8,523033,3.925,-4.076,0.0
259.834,523033,3.925,-4.077,0.0
259.867,523033,3.925,-4.077,0.0
259.9,523033,3.925,-4.077,0.0
259.934,523033,3.925,-4.077,0.0
259.967,523033,3.925,-4.077,0.0
260.0,523033,3.925,-4.077,0.0
260.034,523033,3.925,-4.077,0.0
260.067,523033,3.925,-4.077,0.0
260.1,523033,3.925,-4.077,0.0
260.134,523033,3.926,-4.077,0.0
260.167,523033,3.926,-4.077,0.0
260.2,523033,3.926,-4.077,0.0
260.234,523033,3.926,-4.078,0.0
260.267,523033,3.926,-4.078,0.0
260.3,523033,3.926,-4.078,0.0
260.334,523033,3.926,-4.078,0.0
260.367,523033,3.926,-4.078,0.0
260.4,523033,3.926,-4.078,0.0
260.434,523033,3.926,-4.078,0.0
260.467,523033,3.926,-4.078,0.0
260.5,523033,3.926,-4.078,0.0
260.534,523033,3.926,-4.078,0.0
260.567,523033,3.926,-4.078,0.0
260.6,523033,3.926,-4.079,0.0
260.634,523033,3.926,-4.079,0.0
260.667,523033,3.926,-4.079,0.0
260.7,523033,3.926,-4.079,0.0
260.734,523033,3.926,-4.079,0.0
260.767,523033,3.926,-4.079,0.0
260.8,523033,3.926,-4.079,0.0
260.834,523033,3.926,-4.079,0.0
260.867,523033,3.927,-4.079,0.0
260.9,523033,3.927,-4.079,0.0
260.934,523033,3.927,-4.079,0.0
260.967,523033,3.927,-4.079,0.0
261.0,523033,3.927,-4.08,0.0
261.034,523033,3.927,-4.08,0.0
261.067,523033,3.927,-4.08,0.0
261.1,523033,3.927,-4.08,0.0
261.134,523033,3.927,-4.08,0.0
261.167,523033,3.927,-4.08,0.0
261.2,523033,3.927,-4.08,0.0
261.234,523033,3.927,-4.08,0.0
261.267,523033,3.927,-4.08,0.0
261.3,523033,3.927,-4.08,0.0
261.334,523033,3.927,-4.08,0.0
261.367,523033,3.927,-4.08,0.0
261.4,523033,3.927,-4.081,0.0
261.434,523033,3.927,-4.081,0.0
261.467,523033,3.927,-4.081,0.0
261.5,523033,3.927,-4.081,0.0
261.534,523033,3.927,-4.081,0.0
261.567,523033,3.927,-4.081,0.0
261.6,523033,3.928,-4.081,0.0
261.634,523033,3.928,-4.081,0.0
261.667,523033,3.928,-4.081,0.0
261.7,523033,3.928,-4.081,0.0
261.734,523033,3.928,-4.081,0.0
261.767,523033,3.928,-4.081,0.0
261.8,523033,3.928,-4.082,0.0
261.834,523033,3.928,-4.082,0.0
261.867,523033,3.928,-4.082,0.0
261.9,523033,3.928,-4.082,0.0
261.934,523033,3.928,-4.082,0.0
261.967,523033,3.928,-4.082,0.0
262.0,523033,3.928,-4.082,0.0
262.034,523033,3.928,-4.082,0.0
262.067,523033,3.928,-4.082,0.0
262.1,523033,3.928,-4.082,0.0
262.134,523033,3.928,-4.082,0.0
262.167,523033,3.928,-4.082,0.0
262.2,523033,3.928,-4.083,0.0
262.234,523033,3.928,-4.083,0.0
262.267,523033,3.928,-4.083,0.0
262.3,523033,3.928,-4.083,0.0
262.334,523033,3.928,-4.083,0.0
262.367,523033,3.929,-4.083,0.0
262.4,523033,3.929,-4.083,0.0
262.434,523033,3.929,-4.083,0.0
262.467,523033,3.929,-4.083,0.0
262.5,523033,3.929,-4.083,0.0
262.534,523033,3.929,-4.083,0.0
262.567,523033,3.929,-4.084,0.0
262.6,523033,3.929,-4.084,0.0
262.634,523033,3.929,-4.084,0.0
262.667,523033,3.929,-4.084,0.0
262.7,523033,3.929,-4.084,0.0
262.734,523033,3.929,-4.084,0.0
262.767,523033,3.929,-4.084,0.0
262.8,523033,3.929,-4.084,0.0
262.834,523033,3.929,-4.084,0.0
262.867,523033,3.929,-4.084,0.0
262.9,523033,3.929,-4.084,0.0
262.934,523033,3.929,-4.084,0.0
262.967,523033,3.929,-4.085,0.0
263.0,523033,3.929,-4.085,0.0
263.034,523033,3.929,-4.085,0.0
263.067,523033,3.929,-4.085,0.0
263.1,523033,3.93,-4.085,0.0
263.134,523033,3.93,-4.085,0.0
263.167,523033,3.93,-4.085,0.0
263.2,523033,3.93,-4.085,0.0
263.234,523033,3.93,-4.085,0.0
263.267,523033,3.93,-4.085,0.0
263.3,523033,3.93,-4.085,0.0
263.334,523033,3.93,-4.085,0.0
263.367,523033,3.93,-4.086,0.0
263.4,523033,3.93,-4.086,0.0
263.434,523033,3.93,-4.086,0.0
263.467,523033,3.93,-4.086,0.0
263.5,523033,3.93,-4.086,0.0
263.534,523033,3.93,-4.086,0.0
263.567,523033,3.93,-4.086,0.0
263.6,523033,3.93,-4.086,0.0
263.634,523033,3.93,-4.086,0.0
263.667,523033,3.93,-4.086,0.0
263.7,523033,3.93,-4.086,0.0
263.734,523033,3.93,-4.086,0.0
263.767,523033,3.93,-4.087,0.0
263.8,523033,3.93,-4.087,0.0
263.834,523033,3.931,-4.087,0.0
263.867,523033,3.931,-4.087,0.0
263.9,523033,3.931,-4.087,0.0
263.934,523033,3.931,-4.087,0.0
263.967,523033,3.931,-4.087,0.0
264.0,523033,3.931,-4.087,0.0
264.034,523033,3.931,-4.087,0.0
264.067,523033,3.931,-4.087,0.0
264.1,523033,3.931,-4.087,0.0
264.134,523033,3.931,-4.088,0.0
264.167,523033,3.931,-4.088,0.0
264.2,523033,3.931,-4.088,0.0
264.234,523033,3.931,-4.088,0.0
264.267,523033,3.931,-4.088,0.0
264.3,523033,3.931,-4.088,0.0
264.334,523033,3.931,-4.088,0.0
264.367,523033,3.931,-4.088,0.0
264.4,523033,3.931,-4.088,0.0
264.434,523033,3.931,-4.088,0.0
264.467,523033,3.931,-4.088,0.0
264.5,523033,3.931,-4.088,0.0
264.534,523033,3.931,-4.089,0.0
264.567,523033,3.931,-4.089,0.0
264.6,523033,3.932,-4.089,0.0
264.634,523033,3.932,-4.089,0.0
264.667,523033,3.932,-4.089,0.0
264.7,523033,3.932,-4.089,0.0
264.734,523033,3.932,-4.089,0.0
264.767,523033,3.932,-4.089,0.0
264.8,523033,3.932,-4.089,0.0
264.834,523033,3.932,-4.089,0.0
264.867,523033,3.932,-4.089,0.0
264.9,523033,3.932,-4.089,0.0
264.934,523033,3.932,-4.09,0.0
264.967,523033,3.932,-4.09,0.0
265.0,523033,3.932,-4.09,0.0
265.034,523033,3.932,-4.09,0.0
265.067,523033,3.932,-4.09,0.0
265.1,523033,3.932,-4.09,0.0
265.134,523033,3.932,-4.09,0.0
265.167,523033,3.932,-4.09,0.0
265.2,523033,3.932,-4.09,0.0
265.234,523033,3.932,-4.09,0.0
265.267,523033,3.932,-4.09,0.0
265.3,523033,3.932,-4.09,0.0
265.334,523033,3.933,-4.091,0.0
265.367,523033,3.933,-4.091,0.0
265.4,523033,3.933,-4.091,0.0
265.434,523033,3.933,-4.091,0.0
265.467,523033,3.933,-4.091,0.0
265.5,523033,3.933,-4.091,0.0
265.534,523033,3.933,-4.091,0.0
265.567,523033,3.933,-4.091,0.0
265.6,523033,3.933,-4.091,0.0
265.634,523033,3.933,-4.091,0.0
265.667,523033,3.933,-4.091,0.0
265.7,523033,3.933,-4.091,0.0
265.734,523033,3.933,-4.092,0.0
265.767,523033,3.933,-4.092,0.0
265.8,523033,3.933,-4.092,0.0
265.834,523033,3.933,-4.092,0.0
265.867,523033,3.933,-4.092,0.0
265.9,523033,3.933,-4.092,0.0
265.934,523033,3.933,-4.092,0.0
265.967,523033,3.933,-4.092,0.0
266.0,523033,3.933,-4.092,0.0
266.034,523033,3.933,-4.092,0.0
266.067,523033,3.934,-4.092,0.0
266.1,523033,3.934,-4.093,0.0
266.134,523033,3.934,-4.093,0.0
266.167,523033,3.934,-4.093,0.0
266.2,523033,3.934,-4.093,0.0
266.234,523033,3.934,-4.093,0.0
266.267,523033,3.934,-4.093,0.0
266.3,523033,3.934,-4.093,0.0
266.334,523033,3.934,-4.093,0.0
266.367,523033,3.934,-4.093,0.0
266.4,523033,3.934,-4.093,0.0
266.434,523033,3.934,-4.093,0.0
266.467,523033,3.934,-4.093,0.0
266.5,523033,3.934,-4.094,0.0
266.534,523033,3.934,-4.094,0.0
266.567,523033,3.934,-4.094,0.0
266.6,523033,3.934,-4.094,0.0
266.634,523033,3.934,-4.094,0.0
266.667,523033,3.934,-4.094,0.0
266.7,523033,3.934,-4.094,0.0
266.734,523033,3.934,-4.094,0.0
266.767,523033,3.934,-4.094,0.0
266.8,523033,3.934,-4.094,0.0
266.834,523033,3.935,-4.094,0.0
266.867,523033,3.935,-4.094,0.0
266.9,523033,3.935,-4.095,0.0
266.934,523033,3.935,-4.095,0.0
266.967,523033,3.935,-4.095,0.0
267.0,523033,3.935,-4.095,0.0
267.034,523033,3.935,-4.095,0.0
267.067,523033,3.935,-4.095,0.0
267.1,523033,3.935,-4.095,0.0
267.134,523033,3.935,-4.095,0.0
267.167,523033,3.935,-4.095,0.0
267.2,523033,3.935,-4.095,0.0
267.234,523033,3.935,-4.095,0.0
267.267,523033,3.935,-4.095,0.0
267.3,523033,3.935,-4.096,0.0
267.334,523033,3.935,-4.096,0.0
267.367,523033,3.935,-4.096,0.0
267.4,523033,3.935,-4.096,0.0
267.434,523033,3.935,-4.096,0.0
267.467,523033,3.935,-4.096,0.0
267.5,523033,3.935,-4.096,0.0
267.534,523033,3.935,-4.096,0.0
267.567,523033,3.936,-4.096,0.0
267.6,523033,3.936,-4.096,0.0
267.634,523033,3.936,-4.096,0.0
267.667,523033,3.936,-4.096,0.0
267.7,523033,3.936,-4.097,0.0
267.734,523033,3.936,-4.097,0.0
267.767,523033,3.936,-4.097,0.0
267.8,523033,3.936,-4.097,0.0
267.834,523033,3.936,-4.097,0.0
267.867,523033,3.936,-4.097,0.0
267.9,523033,3.936,-4.097,0.0
267.934,523033,3.936,-4.097,0.0
267.967,523033,3.936,-4.097,0.0
268.0,523033,3.936,-4.097,0.0
268.034,523033,3.936,-4.097,0.0
268.067,523033,3.936,-4.098,0.0
268.1,523033,3.936,-4.098,0.0
268.134,523033,3.936,-4.098,0.0
268.167,523033,3.936,-4.098,0.0
268.2,523033,3.936,-4.098,0.0
268.234,523033,3.936,-4.098,0.0
268.267,523033,3.936,-4.098,0.0
268.3,523033,3.937,-4.098,0.0
268.334,523033,3.937,-4.098,0.0
268.367,523033,3.937,-4.098,0.0
268.4,523033,3.937,-4.098,0.0
268.434,523033,3.937,-4.098,0.0
268.467,523033,3.937,-4.099,0.0
268.5,523033,3.937,-4.099,0.0
268.534,523033,3.937,-4.099,0.0
268.567,523033,3.937,-4.099,0.0
268.6,523033,3.937,-4.099,0.0
268.634,523033,3.937,-4.099,0.0
268.667,523033,3.937,-4.099,0.0
268.7,523033,3.937,-4.099,0.0
268.734,523033,3.937,-4.099,0.0
268.767,523033,3.937,-4.099,0.0
268.8,523033,3.937,-4.099,0.0
268.834,523033,3.937,-4.099,0.0
268.867,523033,3.937,-4.1,0.0
268.9,523033,3.937,-4.1,0.0
268.934,523033,3.937,-4.1,0.0
268.967,523033,3.937,-4.1,0.0
269.0,523033,3.937,-4.1,0.0
269.034,523033,3.937,-4.1,0.0
269.067,523033,3.938,-4.1,0.0
269.1,523033,3.938,-4.1,0.0
269.134,523033,3.938,-4.1,0.0
269.167,523033,3.938,-4.1,0.0
269.2,523033,3.938,-4.1,0.0
269.234,523033,3.938,-4.1,0.0
269.267,523033,3.938,-4.101,0.0
269.3,523033,3.938,-4.101,0.0
269.334,523033,3.938,-4.101,0.0
269.367,523033,3.938,-4.101,0.0
269.4,523033,3.938,-4.101,0.0
269.434,523033,3.938,-4.101,0.0
269.467,523033,3.938,-4.101,0.0
269.5,523033,3.938,-4.101,0.0
269.534,523033,3.938,-4.101,0.0
269.567,523033,3.938,-4.101,0.0
269.6,523033,3.938,-4.101,0.0
269.634,523033,3.938,-4.101,0.0
269.667,523033,3.938,-4.102,0.0
269.7,523033,3.938,-4.102,0.0
269.734,523033,3.938,-4.102,0.0
269.767,523033,3.938,-4.102,0.0
269.8,523033,3.939,-4.102,0.0
269.834,523033,3.939,-4.102,0.0
269.867,523033,3.939,-4.102,0.0
269.9,523033,3.939,-4.102,0.0
269.934,523033,3.939,-4.102,0.0
269.967,523033,3.939,-4.102,0.0
270.0,523033,3.939,-4.102,0.0
270.034,523033,3.939,-4.103,0.0
270.067,523033,3.939,-4.103,0.0
270.1,523033,3.939,-4.103,0.0
270.134,523033,3.939,-4.103,0.0
270.167,523033,3.939,-4.103,0.0
270.2,523033,3.939,-4.103,0.0
270.234,523033,3.939,-4.103,0.0
270.267,523033,3.939,-4.103,0.0
270.3,523033,3.939,-4.103,0.0
270.334,523033,3.939,-4.103,0.0
270.367,523033,3.939,-4.103,0.0
270.4,523033,3.939,-4.103,0.0
270.434,523033,3.939,-4.104,0.0
270.467,523033,3.939,-4.104,0.0
270.5,523033,3.939,-4.104,0.0
270.534,523033,3.94,-4.104,0.0
270.567,523033,3.94,-4.104,0.0
270.6,523033,3.94,-4.104,0.0
270.634,523033,3.94,-4.104,0.0
270.667,523033,3.94,-4.104,0.0
270.7,523033,3.94,-4.104,0.0
270.734,523033,3.94,-4.104,0.0
270.767,523033,3.94,-4.104,0.0
270.8,523033,3.94,-4.104,0.0
270.834,523033,3.94,-4.105,0.0
270.867,523033,3.94,-4.105,0.0
270.9,523033,3.94,-4.105,0.0
270.934,523033,3.94,-4.105,0.0
270.967,523033,3.94,-4.105,0.0
271.0,523033,3.94,-4.105,0.0
271.034,523033,3.94,-4.105,0.0
271.067,523033,3.94,-4.105,0.0
271.1,523033,3.94,-4.105,0.0
271.134,523033,3.94,-4.105,0.0
271.167,523033,3.94,-4.105,0.0
271.2,523033,3.94,-4.105,0.0
271.234,523033,3.94,-4.106,0.0
271.267,523033,3.94,-4.106,0.0
271.3,523033,3.941,-4.106,0.0
271.334,523033,3.941,-4.106,0.0
271.367,523033,3.941,-4.106,0.0
271.4,523033,3.941,-4.106,0.0
271.434,523033,3.941,-4.106,0.0
271.467,523033,3.941,-4.106,0.0
271.5,523033,3.941,-4.106,0.0
271.534,523033,3.941,-4.106,0.0
271.567,523033,3.941,-4.106,0.0
271.6,523033,3.941,-4.107,0.0
271.634,523033,3.941,-4.107,0.0
271.667,523033,3.941,-4.107,0.0
271.7,523033,3.941,-4.107,0.0
271.734,523033,3.941,-4.107,0.0
271.767,523033,3.941,-4.107,0.0
271.8,523033,3.941,-4.107,0.0
271.834,523033,3.941,-4.107,0.0
271.867,523033,3.941,-4.107,0.0
271.9,523033,3.941,-4.107,0.0
271.934,523033,3.941,-4.107,0.0
271.967,523033,3.941,-4.107,0.0
272.0,523033,3.941,-4.108,0.0
272.034,523033,3.942,-4.108,0.0
272.067,523033,3.942,-4.108,0.0
272.1,523033,3.942,-4.108,0.0
272.134,523033,3.942,-4.108,0.0
272.167,523033,3.942,-4.108,0.0
272.2,523033,3.942,-4.108,0.0
272.234,523033,3.942,-4.108,0.0
272.267,523033,3.942,-4.108,0.0
272.3,523033,3.942,-4.108,0.0
272.334,523033,3.942,-4.108,0.0
272.367,523033,3.942,-4.108,0.0
272.4,523033,3.942,-4.109,0.0
272.434,523033,3.942,-4.109,0.0
272.467,523033,3.942,-4.109,0.0
272.5,523033,3.942,-4.109,0.0
272.534,523033,3.942,-4.109,0.0
272.567,523033,3.942,-4.109,0.0
272.6,523033,3.942,-4.109,0.0
272.634,523033,3.942,-4.109,0.0
272.667,523033,3.942,-4.109,0.0
272.7,523033,3.942,-4.109,0.0
272.734,523033,3.942,-4.109,0.0
272.767,523033,3.943,-4.109,0.0
272.8,523033,3.943,-4.11,0.0
272.834,523033,3.943,-4.11,0.0
272.867,523033,3.943,-4.11,0.0
272.9,523033,3.943,-4.11,0.0
272.934,523033,3.943,-4.11,0.0
272.967,523033,3.943,-4.11,0.0
273.0,523033,3.943,-4.11,0.0
273.034,523033,3.943,-4.11,0.0
273.067,523033,3.943,-4.11,0.0
273.1,523033,3.943,-4.11,0.0
273.134,523033,3.943,-4.11,0.0
273.167,523033,3.943,-4.11,0.0
273.2,523033,3.943,-4.111,0.0
273.234,523033,3.943,-4.111,0.0
273.267,523033,3.943,-4.111,0.0
273.3,523033,3.943,-4.111,0.0
273.334,523033,3.943,-4.111,0.0
273.367,523033,3.943,-4.111,0.0
273.4,523033,3.943,-4.111,0.0
273.434,523033,3.943,-4.111,0.0
273.467,523033,3.943,-4.111,0.0
273.5,523033,3.944,-4.111,0.0
273.534,523033,3.944,-4.111,0.0
273.567,523033,3.944,-4.112,0.0
273.6,523033,3.944,-4.112,0.0
273.634,523033,3.944,-4.112,0.0
273.667,523033,3.944,-4.112,0.0
273.7,523033,3.944,-4.112,0.0
273.734,523033,3.944,-4.112,0.0
273.767,523033,3.944,-4.112,0.0
273.8,523033,3.944,-4.112,0.0
273.834,523033,3.944,-4.112,0.0
273.867,523033,3.944,-4.112,0.0
273.9,523033,3.944,-4.112,0.0
273.934,523033,3.944,-4.112,0.0
273.967,523033,3.944,-4.113,0.0
274.0,523033,3.944,-4.113,0.0
274.034,523033,3.944,-4.113,0.0
274.067,523033,3.944,-4.113,0.0
274.1,523033,3.944,-4.113,0.0
274.134,523033,3.944,-4.113,0.0
274.167,523033,3.944,-4.113,0.0
274.2,523033,3.944,-4.113,0.0
274.234,523033,3.944,-4.113,0.0
274.267,523033,3.945,-4.113,0.0
274.3,523033,3.945,-4.113,0.0
274.334,523033,3.945,-4.113,0.0
274.367,523033,3.945,-4.114,0.0
274.4,523033,3.945,-4.114,0.0
274.434,523033,3.945,-4.114,0.0
274.467,523033,3.945,-4.114,0.0
274.5,523033,3.945,-4.114,0.0
274.534,523033,3.945,-4.114,0.0
274.567,523033,3.945,-4.114,0.0
274.6,523033,3.945,-4.114,0.0
274.634,523033,3.945,-4.114,0.0
274.667,523033,3.945,-4.114,0.0
274.7,523033,3.945,-4.114,0.0
274.734,523033,3.945,-4.114,0.0
274.767,523033,3.945,-4.115,0.0
274.8,523033,3.945,-4.115,0.0
274.834,523033,3.945,-4.115,0.0
274.867,523033,3.945,-4.115,0.0
274.9,523033,3.945,-4.115,0.0
274.934,523033,3.945,-4.115,0.0
274.967,523033,3.945,-4.115,0.0
275.0,523033,3.946,-4.115,0.0
275.034,523033,3.946,-4.115,0.0
275.067,523033,3.946,-4.115,0.0
275.1,523033,3.946,-4.115,0.0
275.134,523033,3.946,-4.115,0.0
275.167,523033,3.946,-4.116,0.0
275.2,523033,3.946,-4.116,0.0
275.234,523033,3.946,-4.116,0.0
275.267,523033,3.946,-4.116,0.0
275.3,523033,3.946,-4.116,0.0
275.334,523033,3.946,-4.116,0.0
275.367,523033,3.946,-4.116,0.0
275.4,523033,3.946,-4.116,0.0
275.434,523033,3.946,-4.116,0.0
275.467,523033,3.946,-4.116,0.0
275.5,523033,3.946,-4.116,0.0
275.534,523033,3.946,-4.117,0.0
275.567,523033,3.946,-4.117,0.0
275.6,523033,3.946,-4.117,0.0
275.634,523033,3.946,-4.117,0.0
275.667,523033,3.946,-4.117,0.0
275.7,523033,3.946,-4.117,0.0
275.734,523033,3.947,-4.117,0.0
275.767,523033,3.947,-4.117,0.0
275.8,523033,3.947,-4.117,0.0
275.834,523033,3.947,-4.117,0.0
275.867,523033,3.947,-4.117,0.0
275.9,523033,3.947,-4.117,0.0
275.934,523033,3.947,-4.118,0.0
275.967,523033,3.947,-4.118,0.0
276.0,523033,3.947,-4.118,0.0
276.034,523033,3.947,-4.118,0.0
276.067,523033,3.947,-4.118,0.0
276.1,523033,3.947,-4.118,0.0
276.134,523033,3.947,-4.118,0.0
276.167,523033,3.947,-4.118,0.0
276.2,523033,3.947,-4.118,0.0
276.234,523033,3.947,-4.118,0.0
276.267,523033,3.947,-4.118,0.0
276.3,523033,3.947,-4.118,0.0
276.334,523033,3.947,-4.119,0.0
276.367,523033,3.947,-4.119,0.0
276.4,523033,3.947,-4.119,0.0
276.434,523033,3.947,-4.119,0.0
276.467,523033,3.947,-4.119,0.0
276.5,523033,3.948,-4.119,0.0
276.534,523033,3.948,-4.119,0.0
276.567,523033,3.948,-4.119,0.0
276.6,523033,3.948,-4.119,0.0
276.634,523033,3.948,-4.119,0.0
276.667,523033,3.948,-4.119,0.0
276.7,523033,3.948,-4.119,0.0
276.734,523033,3.948,-4.12,0.0
276.767,523033,3.948,-4.12,0.0
276.8,523033,3.948,-4.12,0.0
276.834,523033,3.948,-4.12,0.0
276.867,523033,3.948,-4.12,0.0
276.9,523033,3.948,-4.12,0.0
276.934,523033,3.948,-4.12,0.0
276.967,523033,3.948,-4.12,0.0
277.0,523033,3.948,-4.12,0.0
277.034,523033,3.948,-4.12,0.0
277.067,523033,3.948,-4.12,0.0
277.1,523033,3.948,-4.12,0.0
277.134,523033,3.948,-4.121,0.0
277.167,523033,3.948,-4.121,0.0
277.2,523033,3.948,-4.121,0.0
277.234,523033,3.949,-4.121,0.0
277.267,523033,3.949,-4.121,0.0
277.3,523033,3.949,-4.121,0.0
277.334,523033,3.949,-4.121,0.0
277.367,523033,3.949,-4.121,0.0
277.4,523033,3.949,-4.121,0.0
277.434,523033,3.949,-4.121,0.0
277.467,523033,3.949,-4.121,0.0
277.5,523033,3.949,-4.122,0.0
277.534,523033,3.949,-4.122,0.0
277.567,523033,3.949,-4.122,0.0
277.6,523033,3.949,-4.122,0.0
277.634,523033,3.949,-4.122,0.0
277.667,523033,3.949,-4.122,0.0
277.7,523033,3.949,-4.122,0.0
277.734,523033,3.949,-4.122,0.0
277.767,523033,3.949,-4.122,0.0
277.8,523033,3.949,-4.122,0.0
277.834,523033,3.949,-4.122,0.0
277.867,523033,3.949,-4.122,0.0
277.9,523033,3.949,-4.123,0.0
277.934,523033,3.949,-4.123,0.0
277.967,523033,3.95,-4.123,0.0
278.0,523033,3.95,-4.123,0.0
278.034,523033,3.95,-4.123,0.0
278.067,523033,3.95,-4.123,0.0
278.1,523033,3.95,-4.123,0.0
278.134,523033,3.95,-4.123,0.0
278.167,523033,3.95,-4.123,0.0
278.2,523033,3.95,-4.123,0.0
278.234,523033,3.95,-4.123,0.0
278.267,523033,3.95,-4.123,0.0
278.3,523033,3.95,-4.124,0.0
278.334,523033,3.95,-4.124,0.0
278.367,523033,3.95,-4.124,0.0
278.4,523033,3.95,-4.124,0.0
278.434,523033,3.95,-4.124,0.0
278.467,523033,3.95,-4.124,0.0
278.5,523033,3.95,-4.124,0.0
278.534,523033,3.95,-4.124,0.0
278.567,523033,3.95,-4.124,0.0
278.6,523033,3.95,-4.124,0.0
278.634,523033,3.95,-4.124,0.0
278.667,523033,3.95,-4.124,0.0
278.7,523033,3.95,-4.125,0.0
278.734,523033,3.951,-4.125,0.0
278.767,523033,3.951,-4.125,0.0
278.8,523033,3.951,-4.125,0.0
278.834,523033,3.951,-4.125,0.0
278.867,523033,3.951,-4.125,0.0
278.9,523033,3.951,-4.125,0.0
278.934,523033,3.951,-4.125,0.0
278.967,523033,3.951,-4.125,0.0
279.0,523033,3.951,-4.125,0.0
279.034,523033,3.951,-4.125,0.0
279.067,523033,3.951,-4.126,0.0
279.1,523033,3.951,-4.126,0.0
279.134,523033,3.951,-4.126,0.0
279.167,523033,3.951,-4.126,0.0
279.2,523033,3.951,-4.126,0.0
279.234,523033,3.951,-4.126,0.0
279.267,523033,3.951,-4.126,0.0
279.3,523033,3.951,-4.126,0.0
279.334,523033,3.951,-4.126,0.0
279.367,523033,3.951,-4.126,0.0
279.4,523033,3.951,-4.126,0.0
279.434,523033,3.951,-4.126,0.0
279.467,523033,3.952,-4.127,0.0
279.5,523033,3.952,-4.127,0.0
279.534,523033,3.952,-4.127,0.0
279.567,523033,3.952,-4.127,0.0
279.6,523033,3.952,-4.127,0.0
279.634,523033,3.952,-4.127,0.0
279.667,523033,3.952,-4.127,0.0
279.7,523033,3.952,-4.127,0.0
279.734,523033,3.952,-4.127,0.0
279.767,523033,3.952,-4.127,0.0
279.8,523033,3.952,-4.127,0.0
279.834,523033,3.952,-4.127,0.0
279.867,523033,3.952,-4.128,0.0
279.9,523033,3.952,-4.128,0.0
279.934,523033,3.952,-4.128,0.0
279.967,523033,3.952,-4.128,0.0
280.0,523033,3.952,-4.128,0.0
280.034,523033,3.952,-4.128,0.0
280.067,523033,3.952,-4.128,0.0
280.1,523033,3.952,-4.128,0.0
280.134,523033,3.952,-4.128,0.0
280.167,523033,3.952,-4.128,0.0
280.2,523033,3.953,-4.128,0.0
280.234,523033,3.953,-4.128,0.0
280.267,523033,3.953,-4.129,0.0
280.3,523033,3.953,-4.129,0.0
280.334,523033,3.953,-4.129,0.0
280.367,523033,3.953,-4.129,0.0
280.4,523033,3.953,-4.129,0.0
280.434,523033,3.953,-4.129,0.0
280.467,523033,3.953,-4.129,0.0
280.5,523033,3.953,-4.129,0.0
280.534,523033,3.953,-4.129,0.0
280.567,523033,3.953,-4.129,0.0
280.6,523033,3.953,-4.129,0.0
280.634,523033,3.953,-4.129,0.0
280.667,523033,3.953,-4.13,0.0
280.7,523033,3.953,-4.13,0.0
280.734,523033,3.953,-4.13,0.0
280.767,523033,3.953,-4.13,0.0
280.8,523033,3.953,-4.13,0.0
280.834,523033,3.953,-4.13,0.0
280.867,523033,3.953,-4.13,0.0
280.9,523033,3.953,-4.13,0.0
280.934,523033,3.953,-4.13,0.0
280.967,523033,3.954,-4.13,0.0
281.0,523033,3.954,-4.13,0.0
281.034,523033,3.954,-4.131,0.0
281.067,523033,3.954,-4.131,0.0
281.1,523033,3.954,-4.131,0.0
281.134,523033,3.954,-4.131,0.0
281.167,523033,3.954,-4.131,0.0
281.2,523033,3.954,-4.131,0.0
281.234,523033,3.954,-4.131,0.0
281.267,523033,3.954,-4.131,0.0
281.3,523033,3.954,-4.131,0.0
281.334,523033,3.954,-4.131,0.0
281.367,523033,3.954,-4.131,0.0
281.4,523033,3.954,-4.131,0.0
281.434,523033,3.954,-4.132,0.0
281.467,523033,3.954,-4.132,0.0
281.5,523033,3.954,-4.132,0.0
281.534,523033,3.954,-4.132,0.0
281.567,523033,3.954,-4.132,0.0
281.6,523033,3.954,-4.132,0.0
281.634,523033,3.954,-4.132,0.0
281.667,523033,3.954,-4.132,0.0
281.7,523033,3.955,-4.132,0.0
281.734,523033,3.955,-4.132,0.0
281.767,523033,3.955,-4.132,0.0
281.8,523033,3.955,-4.132,0.0
281.834,523033,3.955,-4.133,0.0
281.867,523033,3.955,-4.133,0.0
281.9,523033,3.955,-4.133,0.0
281.934,523033,3.955,-4.133,0.0
281.967,523033,3.955,-4.133,0.0
282.0,523033,3.955,-4.133,0.0
282.034,523033,3.955,-4.133,0.0
282.067,523033,3.955,-4.133,0.0
282.1,523033,3.955,-4.133,0.0
282.134,523033,3.955,-4.133,0.0
282.167,523033,3.955,-4.133,0.0
282.2,523033,3.955,-4.133,0.0
282.234,523033,3.955,-4.134,0.0
282.267,523033,3.955,-4.134,0.0
282.3,523033,3.955,-4.134,0.0
282.334,523033,3.955,-4.134,0.0
282.367,523033,3.955,-4.134,0.0
282.4,523033,3.955,-4.134,0.0
282.434,523033,3.956,-4.134,0.0
282.467,523033,3.956,-4.134,0.0
282.5,523033,3.956,-4.134,0.0
282.534,523033,3.956,-4.134,0.0
282.567,523033,3.956,-4.134,0.0
282.6,523033,3.956,-4.134,0.0
282.634,523033,3.956,-4.135,0.0
282.667,523033,3.956,-4.135,0.0
282.7,523033,3.956,-4.135,0.0
282.734,523033,3.956,-4.135,0.0
282.767,523033,3.956,-4.135,0.0
282.8,523033,3.956,-4.135,0.0
282.9,523033,3.956,-4.135,0.0
282.933,523033,3.957,-4.138,0.0
282.967,523033,3.957,-4.161,0.0
283.0,523033,3.979,-4.176,0.0
283.033,523033,3.981,-4.185,0.0
283.067,523033,3.98,-4.195,0.0
283.1,523033,3.998,-4.209,0.0
283.133,523033,3.998,-4.209,0.0
283.167,523033,4.005,-4.216,0.0
283.2,523033,4.005,-4.229,0.0
283.233,523033,4.013,-4.239,0.0
283.267,523033,4.021,-4.25,0.0
283.3,523033,4.023,-4.259,0.0
283.333,523033,4.023,-4.259,0.0
283.367,523033,4.02,-4.26,0.0
283.4,523033,4.022,-4.262,0.0
283.433,523033,4.032,-4.259,0.0
283.467,523033,4.023,-4.265,0.0
283.5,523033,4.023,-4.265,0.0
283.533,523033,4.023,-4.265,0.0
283.567,523033,4.016,-4.264,0.0
283.6,523033,4.019,-4.27,0.0
283.633,523033,4.036,-4.274,0.0
283.667,523033,4.03,-4.279,0.0
283.7,523033,4.031,-4.282,0.0
283.733,523033,4.031,-4.282,0.0
283.767,523033,4.034,-4.287,0.0
283.8,523033,4.025,-4.3,0.0
283.833,523033,4.023,-4.307,0.0
283.867,523033,4.025,-4.312,0.0
283.9,523033,4.031,-4.323,0.0
283.933,523033,4.03,-4.321,0.0
283.967,523033,4.061,-4.318,0.0
284.0,523033,4.099,-4.333,0.0
284.033,523033,4.163,-4.321,0.0
284.067,523033,4.281,-4.302,0.0
284.1,523033,4.372,-4.288,0.0
284.133,523033,4.368,-4.288,0.0
284.167,523033,4.406,-4.296,0.0
284.2,523033,4.422,-4.299,0.0
284.233,523033,4.422,-4.306,0.0
284.267,523033,4.417,-4.318,0.0
284.3,523033,4.431,-4.325,0.0
284.333,523033,4.431,-4.325,0.0
284.367,523033,4.436,-4.327,0.0
284.4,523033,4.452,-4.327,0.0
284.433,523033,4.46,-4.328,0.0
284.467,523033,4.474,-4.325,0.0
284.5,523033,4.499,-4.319,0.0
284.533,523033,4.499,-4.319,0.0
284.567,523033,4.552,-4.313,0.0
284.6,523033,4.614,-4.301,0.0
284.633,523033,4.739,-4.286,0.0
284.667,523033,4.79,-4.266,0.0
284.7,523033,4.818,-4.263,0.0
284.733,523033,4.818,-4.263,0.0
284.767,523033,4.824,-4.265,0.0
284.8,523033,4.834,-4.267,0.0
284.833,523033,4.839,-4.277,0.0
284.867,523033,4.857,-4.293,0.0
284.9,523033,4.858,-4.305,0.0
284.933,523033,4.858,-4.305,0.0
284.967,523033,4.855,-4.309,0.0
285.0,523033,4.856,-4.321,0.0
285.033,523033,4.889,-4.329,0.0
285.067,523033,4.937,-4.335,0.0
285.1,523033,5.025,-4.324,0.0
285.133,523033,5.025,-4.324,0.0
285.167,523033,5.131,-4.319,0.0
285.2,523033,5.234,-4.306,0.0
285.233,523033,5.236,-4.31,0.0
285.267,523033,5.256,-4.315,0.0
285.3,523033,5.26,-4.323,0.0
285.333,523033,5.262,-4.326,0.0
285.367,523033,5.265,-4.321,0.0
285.4,523033,5.265,-4.321,0.0
285.433,523033,5.278,-4.323,0.0
285.467,523033,5.291,-4.325,0.0
285.5,523033,5.298,-4.328,0.0
285.533,523033,5.298,-4.328,0.0
285.567,523033,5.33,-4.33,0.0
285.6,523033,5.36,-4.316,0.0
285.633,523033,5.418,-4.305,0.0
285.667,523033,5.506,-4.297,0.0
285.7,523033,5.657,-4.263,0.0
285.733,523033,5.657,-4.263,0.0
285.767,523033,5.699,-4.259,0.0
285.8,523033,5.705,-4.258,0.0
285.833,523033,5.721,-4.26,0.0
285.867,523033,5.728,-4.259,0.0
285.9,523033,5.699,-4.259,0.0
285.933,523033,5.705,-4.258,0.0
285.967,523033,5.708,-4.262,0.0
286.0,523033,5.708,-4.262,0.0
286.033,523033,5.705,-4.272,0.0
286.067,523033,5.739,-4.281,0.0
286.1,523033,5.794,-4.285,0.0
286.133,523033,5.792,-4.28,0.0
286.167,523033,5.86,-4.278,0.0
286.2,523033,5.968,-4.268,0.0
286.233,523033,6.09,-4.241,0.0
286.267,523033,6.12,-4.231,0.0
286.3,523033,6.152,-4.225,0.0
286.333,523033,6.132,-4.239,0.0
286.367,523033,6.132,-4.239,0.0
286.4,523033,6.149,-4.236,0.0
286.433,523033,6.124,-4.24,0.0
286.467,523033,6.135,-4.243,0.0
286.5,523033,6.132,-4.239,0.0
286.533,523033,6.132,-4.239,0.0
286.567,523033,6.124,-4.24,0.0
286.6,523033,6.138,-4.232,0.0
286.633,523033,6.194,-4.217,0.0
286.667,523033,6.233,-4.205,0.0
286.7,523033,6.271,-4.187,0.0
286.733,523033,6.271,-4.187,0.0
286.767,523033,6.38,-4.172,0.0
286.8,523033,6.555,-4.134,0.0
286.833,523033,6.558,-4.14,0.0
286.867,523033,6.558,-4.14,0.0
286.9,523033,6.529,-4.145,0.0
286.933,523033,6.529,-4.145,0.0
286.967,523033,6.529,-4.145,0.0
287.0,523033,6.522,-4.152,0.0
287.033,523033,6.534,-4.155,0.0
287.067,523033,6.565,-4.155,0.0
287.1,523033,6.58,-4.164,0.0
287.133,523033,6.58,-4.164,0.0
287.167,523033,6.645,-4.164,0.0
287.2,523033,6.698,-4.161,0.0
287.233,523033,6.762,-4.155,0.0
287.267,523033,6.874,-4.148,0.0
287.3,523033,6.888,-4.151,0.0
287.333,523033,6.899,-4.149,0.0
287.367,523033,6.946,-4.148,0.0
287.4,523033,6.968,-4.144,0.0
287.433,523033,7.013,-4.136,0.0
287.467,523033,7.019,-4.147,0.0
287.5,523033,7.005,-4.144,0.0
287.533,523033,7.005,-4.144,0.0
287.567,523033,7.011,-4.13,0.0
287.6,523033,7.005,-4.144,0.0
287.633,523033,7.045,-4.124,0.0
287.667,523033,7.122,-4.099,0.0
287.7,523033,7.121,-4.124,0.0
287.733,523033,7.121,-4.124,0.0
287.767,523033,7.216,-4.076,0.0
287.8,523033,7.309,-4.073,0.0
287.833,523033,7.409,-4.049,0.0
287.867,523033,7.415,-4.061,0.0
287.9,523033,7.412,-4.055,0.0
287.933,523033,7.412,-4.055,0.0
287.967,523033,7.416,-4.035,0.0
288.0,523033,7.39,-4.039,0.0
288.033,523033,7.394,-4.019,0.0
288.067,523033,7.394,-4.019,0.0
288.1,523033,7.408,-4.017,0.0
288.133,523033,7.408,-4.017,0.0
288.167,523033,7.421,-4.014,0.0
288.2,523033,7.498,-3.994,0.0
288.233,523033,7.595,-3.976,0.0
288.267,523033,7.617,-3.959,0.0
288.3,523033,7.743,-3.929,0.0
288.333,523033,7.725,-3.925,0.0
288.367,523033,7.803,-3.918,0.0
288.4,523033,7.838,-3.89,0.0
288.433,523033,7.85,-3.88,0.0
288.467,523033,7.872,-3.891,0.0
288.5,523033,7.869,-3.884,0.0
288.533,523033,7.869,-3.884,0.0
288.567,523033,7.866,-3.878,0.0
288.6,523033,7.881,-3.875,0.0
288.633,523033,7.841,-3.861,0.0
288.667,523033,7.862,-3.835,0.0
288.7,523033,8.029,-3.788,0.0
288.733,523033,8.029,-3.788,0.0
288.767,523033,8.074,-3.771,0.0
288.8,523033,8.104,-3.758,0.0
288.833,523033,8.164,-3.731,0.0
288.867,523033,8.212,-3.714,0.0
288.9,523033,8.222,-3.696,0.0
288.933,523033,8.222,-3.696,0.0
288.967,523033,8.167,-3.7,0.0
289.0,523033,8.144,-3.689,0.0
289.033,523033,8.188,-3.665,0.0
289.067,523033,8.117,-3.672,0.0
289.1,523033,8.127,-3.654,0.0
289.133,523033,8.127,-3.654,0.0
289.167,523033,8.171,-3.63,0.0
289.2,523033,8.167,-3.623,0.0
289.233,523033,8.233,-3.601,0.0
289.267,523033,8.195,-3.601,0.0
289.3,523033,8.275,-3.568,0.0
289.333,523033,8.292,-3.564,0.0
289.367,523033,8.4,-3.54,0.0
289.4,523033,8.474,-3.524,0.0
289.433,523033,8.546,-3.5,0.0
289.467,523033,8.616,-3.467,0.0
289.5,523033,8.644,-3.436,0.0
289.533,523033,8.644,-3.436,0.0
289.567,523033,8.64,-3.428,0.0
289.6,523033,8.637,-3.421,0.0
289.633,523033,8.649,-3.401,0.0
289.667,523033,8.622,-3.391,0.0
289.7,523033,8.627,-3.356,0.0
289.733,523033,8.627,-3.356,0.0
289.767,523033,8.643,-3.344,0.0
289.8,523033,8.679,-3.326,0.0
289.833,523033,8.778,-3.25,0.0
289.867,523033,8.871,-3.201,0.0
289.9,523033,8.898,-3.158,0.0
289.933,523033,8.898,-3.158,0.0
289.967,523033,8.865,-3.14,0.0
290.0,523033,8.9,-3.113,0.0
290.033,523033,8.875,-3.111,0.0
290.067,523033,8.913,-3.092,0.0
290.1,523033,8.945,-3.056,0.0
290.133,523033,8.945,-3.056,0.0
290.167,523033,8.959,-3.034,0.0
290.2,523033,8.896,-3.006,0.0
290.233,523033,8.928,-2.97,0.0
290.267,523033,8.938,-2.94,0.0
290.3,523033,9.002,-2.866,0.0
290.367,523033,9.002,-2.866,0.0
290.4,523033,8.934,-2.83,0.0
290.467,523033,9.29,-2.694,0.0
290.5,523033,9.278,-2.669,0.0
290.533,523033,9.278,-2.669,0.0
